transaction_id,user_id,product_id,product_category,quantity,price_per_unit,payment_method,transaction_date,shipping_country,total_price
5CH9Q40YP33,58833,QF5738,Food - Snacks,46,4.19,instapayment,2024-01-23,Indonesia,192.74
4DE4U94NF52,79964,KE5476,Home,36,39.99,mastercard,2024-09-10,Russia,1439.64
4J11CV9UC55,33711,AA1405,Food - Bakery,40,2.49,laser,2024-01-06,Indonesia,99.6
4VK5PF1RJ35,66652,AC3888,Clothing,46,49.99,diners-club-carte-blanche,2024-07-22,Russia,2299.54
3W25KF6XF41,99495,AF9644,Photography,98,19.99,jcb,2024-11-05,Portugal,1959.02
6VN3U65QE56,32547,AI7902,Outdoor,54,99.99,mastercard,2024-05-28,Malaysia,5399.46
8VE5UT5KJ45,75967,LH2427,Food - Sauces,29,3.59,jcb,2024-01-09,Portugal,104.11
2MF2FM9FR68,15427,BA7948,Food - Soups,17,3.49,visa,2024-09-09,China,59.33
2YG3JR1CY77,21849,AC7769,Toys,42,34.99,jcb,2024-11-04,Brazil,1469.58
9EW3WX5VY29,23660,EK8650,Food - Desserts,55,4.99,solo,2024-08-31,Colombia,274.45
7UC0DC3HU41,80877,LA9878,Food - Snacks,43,4.99,switch,2024-10-18,Bulgaria,214.57
5NP9Y06MA93,20084,LH4515,Garden,76,24.99,americanexpress,2024-06-04,Ukraine,1899.24
6Y66TF8TP14,87781,TG9254,Food - Frozen Foods,50,1.99,china-unionpay,2024-10-04,Portugal,99.5
7Y32E20RU81,1257,EK6023,Food - Spices,81,2.99,jcb,2024-07-01,United States,242.19
9JR7X60DR20,17129,SA8516,Food - Produce,89,1.5,visa-electron,2024-01-31,Ukraine,133.5
9QP1M40UU73,27691,AZ8496,Food - Beverages,88,2.99,mastercard,2024-09-10,Guatemala,263.12
2M53UN8HW89,22243,AC3652,Food - Prepared Meals,46,5.49,china-unionpay,2024-04-04,Colombia,252.54
4QT5G45XM11,15614,KL4907,Food - Baking,76,1.29,solo,2024-02-09,China,98.04
6YG0JH2AX58,1970,CX1465,Food - Freezer,57,6.29,jcb,2024-07-29,China,358.53
7E59P96YU45,49761,LA4240,Food - Baked Goods,58,5.49,instapayment,2024-07-05,Thailand,318.42
6J58N11EC53,84405,NZ6359,Kitchen,79,19.99,jcb,2024-08-20,Liberia,1579.21
6WW6P57KY82,37091,AC9192,Food - Condiments,56,2.49,jcb,2024-07-16,Ireland,139.44
1DA5X57FA92,17079,AZ2669,Food - Soups,15,3.29,mastercard,2024-08-15,Poland,49.35
1PQ3GW1CH03,72181,AA7975,Clothing - Tops,13,34.99,jcb,2024-08-28,Philippines,454.87
4NR3XD6XT15,64095,BA1907,Food - Bakery,62,4.79,jcb,2024-06-13,Brazil,296.98
4N08X38MM40,33208,SK5121,Food - Grains,38,3.49,visa-electron,2024-12-22,Zambia,132.62
2JN4XN9KR62,62355,NZ5791,Food - Condiments,59,3.79,jcb,2024-09-08,China,223.61
5EC7X73KC67,85653,KE6004,Food - Condiments,66,4.29,jcb,2024-04-28,Russia,283.14
8F80K51WW55,79490,WN8555,Automotive,54,44.99,maestro,2024-08-11,Brazil,2429.46
9CD0QK6YX88,43356,QR3221,Baby,72,79.99,jcb,2024-06-25,Philippines,5759.28
8UX1R52GM55,55710,QR4841,Food - Canned Goods,58,3.99,mastercard,2024-08-11,Botswana,231.42
7XU7Y50VF87,25328,DL4980,Food - Snacks,45,5.99,diners-club-enroute,2024-12-23,Mexico,269.55
1Q93KJ4GP13,81072,AV2901,Electronics,34,129.99,china-unionpay,2024-04-06,Indonesia,4419.66
7AE6K58YH03,75040,WN4737,Food - Canned Goods,48,3.99,jcb,2024-11-14,Indonesia,191.52
1RC5MD6DE73,52193,SQ5675,Clothing - Bottoms,50,44.99,mastercard,2024-12-23,Indonesia,2249.5
1E00J38KP94,53774,NZ9950,Automotive,21,49.99,diners-club-us-ca,2024-12-07,United States,1049.79
6PH6NV4YM17,96423,AI3081,Food - Condiments,30,3.49,jcb,2024-07-17,Croatia,104.7
1YU1YP6WY05,94137,AF9468,Food - Snacks,78,4.59,visa-electron,2024-09-30,Armenia,358.02
8AN0PX5UC01,74236,SK7279,Food - Frozen Foods,54,4.99,jcb,2024-02-28,Iran,269.46
9N90F05QQ10,50935,EK1892,Food - Dairy,36,5.49,jcb,2024-04-29,Qatar,197.64
6AW3U20FN24,57594,KE2522,Kitchen,56,29.99,jcb,2024-01-24,China,1679.44
4FE0M46TM69,21574,ET5520,Gaming,97,299.99,maestro,2024-11-20,Philippines,29099.03
6PA9F55HT26,56474,WN2849,Food - Bakery,91,4.19,china-unionpay,2024-07-06,Poland,381.29
9DP1F95HC73,35680,LA9661,Garden,92,32.99,bankcard,2024-03-28,China,3035.08
3HW1U54JK10,95325,SK5172,Food - Snacks,50,2.99,china-unionpay,2024-09-19,Norway,149.5
5YQ4R75JF34,37843,KE7584,Food - Seasonings,94,3.29,maestro,2024-06-27,Indonesia,309.26
6KX1AW0WJ60,76617,AZ2999,Food - Salads,39,4.99,visa,2024-12-22,Poland,194.61
5XA2D89WE04,77204,QR4818,Kitchen,29,29.99,laser,2024-02-12,Bangladesh,869.71
5N80QY6MN86,97420,ET4947,Outdoor,15,49.99,maestro,2024-12-08,Ukraine,749.85
1AD8A15XM61,40587,SA3542,Office,37,39.99,mastercard,2024-11-11,Armenia,1479.63
7GD6A30GC98,71168,ET8852,Food - Salads,92,4.99,china-unionpay,2024-01-22,China,459.08
9W23HF3KN58,53663,WN1086,Home,62,39.99,jcb,2024-09-16,China,2479.38
6A01NG1NN97,34006,NZ5940,Food - Marinades,84,3.79,instapayment,2024-06-15,Indonesia,318.36
4RV9GG0DG17,46472,SA5902,Accessories,49,12.99,visa-electron,2024-02-15,Canada,636.51
7PM3FQ4KJ00,79559,LH2472,Clothing - Activewear,69,24.99,jcb,2024-08-30,Norway,1724.31
3P23DH1XT28,41992,AC8159,Food - Pasta,29,4.99,visa,2024-05-30,Norway,144.71
9RE3QY2DQ56,23576,NZ3355,Food - Spices,97,2.99,diners-club-carte-blanche,2024-02-23,Indonesia,290.03
4X23VF8ND84,39651,AI7902,Food - Beverages,70,4.99,jcb,2024-11-29,Philippines,349.3
7R84V31VK93,61534,KL9083,Food - Prepared Foods,7,3.99,jcb,2024-01-26,Sweden,27.93
4MX3GJ5KV48,11774,SA8416,Storage,34,15.99,jcb,2024-09-17,Thailand,543.66
3T45EH8CG93,81711,NH7193,Food - Frozen Foods,73,8.99,maestro,2024-09-05,China,656.27
8ME2J28PF23,93381,AZ5224,Photography,93,29.99,diners-club-enroute,2024-07-06,Japan,2789.07
3U94WQ7WD02,95636,DL9517,Food - Salads,6,4.99,americanexpress,2024-07-14,Russia,29.94
3K71F37KY26,61797,IB7981,Outdoor,64,149.99,jcb,2024-11-03,Portugal,9599.36
3G12XP4QA39,67408,QR6374,Food - Salads,95,5.29,laser,2024-07-15,Russia,502.55
4CJ2U26QD51,41909,CX3703,Home,0,14.99,china-unionpay,2024-10-04,Bosnia and Herzegovina,0.0
9QR1XJ6JN55,24000,AZ1725,Home,49,12.99,jcb,2024-09-02,Mexico,636.51
1P54JQ9XR80,79566,NH4808,Food - Fresh Produce,95,3.99,jcb,2024-12-02,China,379.05
9W23VE2NU99,65028,AF7550,Kitchen,13,39.99,diners-club-carte-blanche,2024-03-31,France,519.87
9FP7AD8NP37,58217,SK4657,Food - Baking,40,3.99,maestro,2024-03-22,Portugal,159.6
7VY1UN8TJ10,16421,AA8853,Health,80,49.99,mastercard,2024-10-11,Poland,3999.2
2M01XN9AK12,33247,AZ6720,Outdoor,34,49.99,jcb,2024-07-22,Vietnam,1699.66
1M24Q15XW64,37673,BA7341,Music,21,359.99,diners-club-enroute,2024-04-11,El Salvador,7559.79
1V02HC6KU90,88038,SK4657,Clothing - Dresses,84,59.99,jcb,2024-02-25,Indonesia,5039.16
5T13KX8WM68,45811,AA2499,Toys,46,129.99,diners-club-enroute,2024-03-22,China,5979.54
9NC3Q13VP22,88013,AC8993,Food - Pasta,20,4.99,jcb,2024-03-21,China,99.8
6UA9QK8PG30,81652,AZ2628,Food - Baking,81,5.59,diners-club-enroute,2024-04-09,France,452.79
8P44R11KE70,86748,AI6621,Home,34,22.99,diners-club-enroute,2024-02-14,China,781.66
5E25CQ3WW23,26242,LH6057,Home,79,9.99,jcb,2024-01-25,China,789.21
6J99NG2UU05,46884,WN5147,Food - Snacks,49,3.29,jcb,2024-11-22,Venezuela,161.21
9U01G90DF77,35844,LA4733,Food - Snacks,45,2.29,jcb,2024-04-01,Philippines,103.05
5Y47MM5GE01,33965,SA8416,Food - Frozen,59,6.99,solo,2024-10-28,China,412.41
9A86EH4DR23,14795,KE7613,Outdoor,22,349.99,jcb,2024-02-08,Philippines,7699.78
8RM8Y44TV59,31546,NZ9937,Footwear,67,79.99,diners-club-carte-blanche,2024-11-20,Philippines,5359.33
8FR3C60NT24,1472,KL4805,Food - Condiments,26,3.59,jcb,2024-12-24,Guatemala,93.34
1JN7JU4PE12,42898,SA1026,Food - Snacks,90,1.99,jcb,2024-06-15,China,179.1
4X83TE2FF54,52748,BA4260,Food - Prepared Meals,30,1.29,china-unionpay,2024-08-18,China,38.7
2GX1TQ4YY18,64629,EK2822,Food - Beverages,55,5.99,americanexpress,2024-09-12,Philippines,329.45
1K90C33PM44,37880,SA2497,Food - Meats,71,5.49,mastercard,2024-07-25,Poland,389.79
5G90XU9TA35,72613,SK4800,Food - Fresh Produce,33,0.75,mastercard,2024-12-01,United States,24.75
2PT2VR3AW92,83171,DL1765,Food - Breakfast,42,4.79,solo,2024-04-29,China,201.18
4R35NX3MA57,6213,TG9392,Home Appliances,89,299.99,laser,2024-02-15,Philippines,26699.11
5P33A99WX06,12018,LH6305,Audio,100,79.99,maestro,2024-03-04,Ireland,7999.0
2YD4QT8CF45,71095,SQ6124,Health,27,19.99,jcb,2024-02-11,Poland,539.73
7FE6PA0EK12,87168,DL9764,Accessories,24,49.99,mastercard,2024-08-07,Philippines,1199.76
5GX5N96KK88,2780,KL4057,Food - Frozen Foods,7,4.49,jcb,2024-10-20,Peru,31.43
7QW6H69KX81,99045,SA7414,Food - Frozen Foods,69,5.99,jcb,2024-02-02,China,413.31
7X79WW2FY92,25379,LA4220,Food - Canned Goods,34,2.99,china-unionpay,2024-10-09,Malaysia,101.66
7KE3NJ7AF10,27293,UA1878,Pets,7,14.99,jcb,2024-04-28,Argentina,104.93
9A90UX8RU61,44246,NZ9559,Kitchen,58,39.99,jcb,2024-07-17,Sweden,2319.42
2FR7VR8XT42,15952,DL8815,Garden,93,39.99,diners-club-us-ca,2024-06-16,Philippines,3719.07
9DD1UU7CK72,49317,UA1293,Food - Snacks,56,12.99,jcb,2024-03-16,Israel,727.44
3QX5WT7VA60,25934,SA8401,Kitchen,84,29.99,switch,2024-05-23,United States,2519.16
4FW0NY4NT04,94254,ET6738,Food - Canned Goods,81,1.5,americanexpress,2024-11-22,Mexico,121.5
8VW1E18JW99,90781,AA7899,Food - Snacks,80,5.99,jcb,2024-03-16,Sweden,479.2
7MK9HE0QC25,35559,UA5586,Food - Snacks,89,1.99,diners-club-carte-blanche,2024-02-02,Honduras,177.11
8D11U60YG86,54876,AV1217,Kitchen,19,49.99,jcb,2024-02-01,Canada,949.81
8RX8UV0YF06,28056,KE2074,Food - Baking Goods,68,3.99,bankcard,2024-04-26,Philippines,271.32
9VQ6E28NV04,67183,AM5776,Food - Snacks,34,3.29,jcb,2024-10-29,Philippines,111.86
2KG1M26GN42,82252,LA8240,Electronics,42,49.99,jcb,2024-05-13,Costa Rica,2099.58
4E43WW4XY47,54890,IB2906,Food - Marinades,78,3.79,jcb,2024-09-07,Philippines,295.62
8F23HJ8ER12,63167,AV4964,Food - Prepared Foods,8,5.99,diners-club-us-ca,2024-03-03,Japan,47.92
9WC6YF4TA60,94766,BA6353,Food - Snacks,70,2.99,jcb,2024-06-20,Peru,209.3
5N06QH8JN01,4328,QF5533,Food - Sauces,29,4.99,laser,2024-07-30,Portugal,144.71
2T01UM7MF53,71043,AC8262,Health,47,39.99,jcb,2024-09-06,Japan,1879.53
4CP5JV4CH33,35801,KE5277,Food - Frozen Meals,41,8.49,jcb,2024-06-01,China,348.09
7W66EH1UG08,88019,UA4871,Food - Dairy,44,4.49,jcb,2024-09-06,Indonesia,197.56
6VJ6HT6VU13,67276,AF8075,Art Supplies,62,14.99,china-unionpay,2024-10-20,Indonesia,929.38
3NG2M19YW47,9811,CX5129,Food - Baking,59,6.99,jcb,2024-04-13,Vietnam,412.41
9FV5UT5QW46,40225,NH8164,Food - Condiments,14,3.79,jcb,2024-05-21,France,53.06
7VC1KR4WQ93,16190,LA4664,Outdoor,71,299.99,jcb,2024-05-12,Russia,21299.29
5VM0DA6EK20,85796,QF9884,Food - Condiments,31,3.99,jcb,2024-12-02,China,123.69
3PG9Y38HW11,31003,TG6258,Food - Prepared Foods,48,4.99,jcb,2024-04-04,France,239.52
3HG1CD9CT23,21011,AI4218,Food - Canned Goods,33,5.79,jcb,2024-09-02,Philippines,191.07
9DN5U10WR72,78125,AF6620,Food - Beverages,24,3.49,jcb,2024-07-25,Indonesia,83.76
2X29TQ1TK35,22936,AA5822,Food - Baking Goods,72,4.19,maestro,2024-07-02,France,301.68
6FF2Y72KH34,5865,SQ1831,Outdoor,69,24.99,mastercard,2024-03-03,Poland,1724.31
9AD4AF9DH37,45643,AI6943,Office,40,34.99,jcb,2024-12-04,Malaysia,1399.6
6U74KF5MG99,73028,NZ7265,Food - Snacks,79,4.99,china-unionpay,2024-10-31,China,394.21
5AE6MT2KM95,45432,AZ4087,Kitchen,36,18.99,mastercard,2024-06-28,Indonesia,683.64
5W76FR1RC30,50382,AC3191,Toys,64,19.99,jcb,2024-07-09,China,1279.36
5NK7W91RX46,21593,DL3425,Clothing - Tops,5,14.99,diners-club-carte-blanche,2024-12-03,China,74.95
7N02GY8MH13,21951,EK1809,Kitchen,51,19.99,mastercard,2024-12-12,Ukraine,1019.49
6X86CE0JR44,61981,LH7638,Fitness,40,34.99,visa-electron,2024-03-22,Pakistan,1399.6
2K71CY5JR27,78106,KE9821,Home,92,129.99,maestro,2024-08-18,France,11959.08
3MC7G44TK49,55317,LA5649,Toys,22,19.99,maestro,2024-04-23,Argentina,439.78
2TM0FF5KG34,81757,NZ6683,Outdoor,56,149.99,china-unionpay,2024-03-03,Russia,8399.44
5W58X52UM03,7779,IB1115,Food - Sauces,12,4.79,visa-electron,2024-05-22,China,57.48
7R64WD2KX67,27391,AZ6701,Food - Dairy,11,3.49,jcb,2024-03-05,China,38.39
4N32M77HR61,70559,TG8145,Food - Snacks,5,4.49,americanexpress,2024-03-18,Brazil,22.45
6HT5FN5GH88,3739,AZ9404,Food - Pasta,39,1.89,jcb,2024-02-18,China,73.71
2Y36FU7JW63,75058,NZ3482,Safety,8,14.99,china-unionpay,2024-05-04,United States,119.92
2WT4TM8GH91,48198,IB4821,Food - Snacks,78,2.99,jcb,2024-01-22,United States,233.22
4C53MP2WV15,96417,QF2874,Clothing - Shoes,51,69.99,jcb,2024-09-16,Philippines,3569.49
3GW4RA1FW89,96211,BA9490,Food - Condiments,69,6.49,americanexpress,2024-08-31,Philippines,447.81
6WJ5CP9TD49,28709,AF8882,Food - Baking,33,1.99,china-unionpay,2024-02-18,Sweden,65.67
8AH4QR5XY61,73875,NH6529,Food - Canned Goods,3,2.49,jcb,2024-01-11,Uzbekistan,7.47
9KR1UV1VA14,91870,AZ2159,Clothing - Bottoms,70,44.99,jcb,2024-07-11,Ireland,3149.3
2K92H46EQ14,72361,EK9785,Art Supplies,100,99.99,solo,2024-08-10,China,9999.0
9K59GW9VJ67,56639,QR5341,Outdoor,46,34.99,laser,2024-06-26,China,1609.54
1PG7W99QF81,37481,AA2277,Food - Baking,88,6.99,laser,2024-06-20,China,615.12
1DW7M82VU40,68985,AA8953,Grooming,10,34.99,china-unionpay,2024-08-13,China,349.9
8W36XD8CN55,37657,SA4231,Food - Oils,74,8.99,visa,2024-02-27,Peru,665.26
9CN9C67FE98,71338,AV4290,Home,29,9.99,jcb,2024-09-20,Poland,289.71
9TM3J72WV98,16098,AA3897,Home,16,24.99,jcb,2024-09-18,Argentina,399.84
6G67EE2RQ29,69145,AZ5926,Food - Dairy,80,5.99,instapayment,2024-10-06,Japan,479.2
9MD6T31UY64,48137,DL1739,Food - Snacks,33,3.49,diners-club-enroute,2024-12-23,Philippines,115.17
1EG0Q47YG71,97131,AF5997,Food - Beverages,4,4.99,jcb,2024-06-24,Latvia,19.96
8XD8HN0JR22,11940,DL9974,Food - Baking,63,3.29,visa-electron,2024-07-10,China,207.27
5Y39PY0GK59,74984,AA1730,Food - Bakery,15,5.49,china-unionpay,2024-09-16,Russia,82.35
9UN8D12GY73,3258,AV2250,Food - Breakfast,45,2.99,jcb,2024-03-15,Brazil,134.55
8M38RA8GQ16,66075,ET8283,Food - Snacks,98,2.29,jcb,2024-10-22,Greece,224.42
3Y70X68WU46,37238,LH8665,Kitchen,50,59.99,diners-club-enroute,2024-10-18,Peru,2999.5
3D47FA4YQ53,78488,AF9603,Pets,60,9.99,diners-club-carte-blanche,2024-10-03,Greece,599.4
3HA7DH7UY09,9981,AV3809,Accessories,99,49.99,laser,2024-04-08,Portugal,4949.01
4KH7JR1UX25,85724,AZ3116,Electronics,88,129.99,jcb,2024-01-12,Brazil,11439.12
1AE6N39NK36,9385,SK1914,Food - Fresh Produce,67,2.49,jcb,2024-08-28,Thailand,166.83
4C24XM3CM13,65966,SK8133,Food - Frozen Foods,19,4.99,china-unionpay,2024-06-04,Netherlands,94.81
6PX1GW9RR58,39766,KE2630,Clothing - Bottoms,41,34.99,jcb,2024-04-23,Peru,1434.59
6RF1X03VV74,54886,SA3589,Food - Produce,35,1.99,jcb,2024-02-06,Malaysia,69.65
6VJ7NE4KR51,44456,LA3260,Food - Condiments,77,3.79,jcb,2024-06-23,Indonesia,291.83
4XD5KP3UN27,11443,AZ6718,Food - Baking,3,0.99,instapayment,2024-11-08,Czech Republic,2.97
4EN7T66EJ89,6468,KE3828,Tools,52,29.99,mastercard,2024-12-20,Brazil,1559.48
5RT5K68MQ33,4022,AM7295,Home,48,19.99,china-unionpay,2024-05-01,Poland,959.52
7KU8X40UY30,41584,BA7019,Food - Frozen Foods,8,8.99,americanexpress,2024-04-15,China,71.92
8UX9W91WR65,77871,DL1182,Food - Produce,34,4.49,jcb,2024-08-07,Brazil,152.66
6GN5H69DD79,74244,AA2610,Food - Grains,86,3.29,maestro,2024-05-05,China,282.94
7MK9RK2NK22,14213,NH6916,Food - Jams & Jellies,38,3.59,solo,2024-12-30,Colombia,136.42
1HP0F06TG25,92352,AC3888,Kitchen,93,19.99,visa-electron,2024-11-06,Guyana,1859.07
3KH0KV5JA85,90956,IB7981,Food - Condiments,56,7.99,jcb,2024-07-18,Poland,447.44
6GC6H61AN97,1295,SK1381,Clothing - Tops,51,49.99,jcb,2024-12-27,Netherlands,2549.49
9FM1XE0PA53,59628,AF3413,Crafts,95,34.99,americanexpress,2024-02-29,Indonesia,3324.05
5GW4KF4VT68,92538,WN4746,Food - Frozen Foods,91,6.49,china-unionpay,2024-01-08,China,590.59
3XP6WA1YE32,30152,AA2865,Kitchen,81,44.99,mastercard,2024-03-06,Philippines,3644.19
8H80EC6KR81,44495,ET5952,Food - Snacks,34,2.99,mastercard,2024-06-01,Indonesia,101.66
9Q12QK3QM10,34145,AZ7651,Home Improvement,23,39.99,mastercard,2024-03-24,China,919.77
6K33A22XE58,52209,AV3789,Travel,92,15.99,jcb,2024-04-18,Indonesia,1471.08
8QQ3DA7KJ81,22096,TG7226,Food - Frozen Food,62,5.99,jcb,2024-08-08,Indonesia,371.38
6QK5U14QP66,11986,KE8640,Outdoor,72,34.99,visa,2024-01-30,Czech Republic,2519.28
9AJ3VT4MG63,20896,CX4393,Home,7,29.99,jcb,2024-08-01,Philippines,209.93
4A17AE7KC05,37745,AI9950,Food - Snacks,54,3.99,jcb,2024-05-14,Czech Republic,215.46
2XU4J26HJ43,37050,LH3115,Kitchen,58,10.99,maestro,2024-03-24,Japan,637.42
3X52J76FJ55,30414,AF6719,Pets,90,109.99,jcb,2024-10-27,Russia,9899.1
9P69MH8YC00,69757,KE5668,Kitchen,36,99.99,jcb,2024-09-12,Russia,3599.64
8HV0U49TP68,81430,IB1036,Home,48,25.99,switch,2024-02-24,China,1247.52
8HD6AF8YD34,65770,AM8244,Food - Prepared Meals,41,7.49,visa,2024-04-04,Finland,307.09
4NT6M76NX11,94048,QR6945,Audio,66,79.99,jcb,2024-01-29,Portugal,5279.34
8YE8Y02UP18,73704,CX7274,Accessories,66,34.99,jcb,2024-10-30,Portugal,2309.34
2C85TC9GX17,32476,AA8399,Outdoor,20,39.99,maestro,2024-09-02,Indonesia,799.8
3TU6C21YA20,76987,NZ8672,Food - Breakfast,17,4.19,jcb,2024-09-17,Albania,71.23
6MY3T01HY32,91537,AF8178,Books,18,29.99,visa,2024-05-23,Namibia,539.82
7PP9R71XX80,49574,AM4035,Food - Frozen Meals,50,14.99,maestro,2024-03-06,Russia,749.5
4PP6RK0DK32,33276,CX6613,Food - Produce,24,2.99,china-unionpay,2024-01-31,Portugal,71.76
2FE1JX4JT57,45058,EK8073,Home,72,29.99,jcb,2024-07-28,China,2159.28
9WV1VC6WC50,41449,QR5361,Outdoor,10,79.99,jcb,2024-08-22,China,799.9
3JG7CH0RA40,68002,AF1364,Outdoor,88,19.99,bankcard,2024-11-29,Russia,1759.12
6F26VP7AU79,94138,SQ3534,Electronics,76,79.99,jcb,2024-10-24,Madagascar,6079.24
4VM1CV2RW63,31683,AF1560,Food - Marinades,45,3.29,china-unionpay,2024-01-17,Portugal,148.05
2R73YJ6VD85,95227,UA6785,Art Supplies,0,99.99,diners-club-enroute,2024-12-28,Poland,0.0
1ME8WK9HF43,54795,LA6061,Food - Condiments,80,3.49,china-unionpay,2024-08-11,Russia,279.2
6AW3UR5YY25,82188,BA2359,Home,18,34.99,jcb,2024-11-25,Mexico,629.82
5ND4GV9FG58,84104,TG5206,Home,74,24.99,jcb,2024-12-22,Denmark,1849.26
3YG3E48UU58,24714,AC9069,Food - Snacks,43,3.59,jcb,2024-02-21,Brazil,154.37
1A41M47TH92,43307,QR4593,Food - Dairy,57,5.49,americanexpress,2024-12-05,Colombia,312.93
6Y91VA9FQ14,10021,AV6390,Food - Frozen,68,6.49,instapayment,2024-10-06,China,441.32
3R28NA0NA15,37332,AC9073,Food - Canned Goods,5,2.49,jcb,2024-12-08,Philippines,12.45
5U33GF6FC11,59805,SK8375,Food - Produce,44,1.99,visa-electron,2024-06-25,United States,87.56
7T22PK4NJ76,34462,LA9924,Food - Frozen Foods,98,5.99,americanexpress,2024-10-29,Czech Republic,587.02
4DM7RQ4YQ46,10800,AI1565,Food - Meat,51,5.99,switch,2024-09-03,Paraguay,305.49
1QP7W03EA07,95714,AA5870,Food - Pasta,42,3.99,jcb,2024-09-24,Thailand,167.58
5AK4MG1EA20,51917,NZ4231,Audio,45,19.99,maestro,2024-05-28,China,899.55
4PR9G85VT07,41318,DL6523,Toys,76,34.99,mastercard,2024-12-20,China,2659.24
1E33CT3XX36,38206,BA7461,Food - Sides,69,2.99,switch,2024-03-07,China,206.31
6FY9XE5TY05,25012,AI6847,Pets,1,9.99,laser,2024-01-03,Philippines,9.99
9A80V99VE65,31022,BA8830,Food - Baking,92,2.49,jcb,2024-08-19,Portugal,229.08
7PP2UW0NG79,27563,AV2802,Food - Snacks,81,5.99,laser,2024-10-08,France,485.19
6FC6TY8AW01,21692,WN8753,Food - Condiments,75,3.49,diners-club-enroute,2024-03-15,Malawi,261.75
7G75DC3VV18,51184,UA9619,Pets,35,14.99,jcb,2024-08-26,Serbia,524.65
5UH0CW3ME25,36001,BA9625,Food - Snacks,48,4.99,jcb,2024-10-19,Brazil,239.52
5KJ0WU2WA28,6129,KE5284,Food - Sauces,12,4.99,jcb,2024-06-30,China,59.88
3KX7YT2GX15,95564,LA7890,Food - Snacks,53,4.99,jcb,2024-06-22,Nicaragua,264.47
4XU0TR5QY56,61224,BA8083,Kitchen,49,39.99,americanexpress,2024-04-22,China,1959.51
4AY4MG8UM65,78622,AV2826,Food - Condiments,30,3.99,diners-club-enroute,2024-06-22,Mexico,119.7
9NX7KQ4DC65,77136,SK1004,Kitchen,3,29.99,visa,2024-02-24,Sweden,89.97
1R21AJ3MR99,5088,QR5057,Food - Grains,83,3.99,instapayment,2024-06-16,Canada,331.17
1XF3MA4FX54,2361,AC4673,Audio,84,49.99,americanexpress,2024-04-20,United States,4199.16
7GY6VJ2HR44,60212,QF1061,Food - Canned Goods,3,3.29,jcb,2024-07-18,China,9.87
6G49RP4WG40,26298,KL3236,Food - Condiments,85,3.19,maestro,2024-01-15,Philippines,271.15
1VJ9FC2UU80,77205,AC3780,Food - Spices,37,2.29,diners-club-us-ca,2024-01-21,China,84.73
1TX4D68HV43,7358,ET9601,Fitness,86,18.99,americanexpress,2024-11-10,Indonesia,1633.14
4PR7Q58WQ66,3637,IB5640,Kitchen,2,24.99,instapayment,2024-05-21,China,49.98
7EE6U86JD20,51678,BA4656,Clothing - Outerwear,43,39.99,jcb,2024-02-03,China,1719.57
7F82NX7JX91,38216,KE4361,Fitness,93,39.99,jcb,2024-06-13,China,3719.07
2Q55UY9YQ46,16984,NH7193,Food - Meats,26,6.49,americanexpress,2024-09-23,Jamaica,168.74
5PT6RW9NE19,38600,WN3921,Kitchen,21,99.99,diners-club-us-ca,2024-04-24,Kyrgyzstan,2099.79
3F17NM0KR63,15965,AC3780,Electronics,97,12.99,jcb,2024-06-26,Indonesia,1260.03
9FK4MR1CD33,80920,NH3133,Kitchen,56,89.99,jcb,2024-07-02,China,5039.44
9YU0RC8EP84,60524,TG7072,Food - Prepared Foods,52,8.49,switch,2024-12-18,Philippines,441.48
4VQ5KA9QT67,91790,NH1801,Kitchen,64,29.99,jcb,2024-08-28,Thailand,1919.36
7MP7RE4NN21,67627,WN7802,Food - Condiments,61,2.79,switch,2024-08-31,France,170.19
2MW6U28FA47,52752,AM2211,Outdoor,81,29.99,maestro,2024-12-30,Indonesia,2429.19
1AC6G17RW18,18395,WN9450,Food - Nuts,76,8.99,maestro,2024-10-19,Tanzania,683.24
5KH1HG3NV73,55748,TG8972,Electronics,1,39.99,jcb,2024-05-24,Portugal,39.99
2GN8PQ6QD72,39471,AZ5379,Clothing - Shoes,14,69.99,mastercard,2024-11-26,Thailand,979.86
8RR8R11VA32,50286,KE1149,Home,62,29.99,americanexpress,2024-07-26,Serbia,1859.38
6UN7NT5CT57,8753,SK2677,Food - Beverages,92,5.29,diners-club-enroute,2024-10-03,Colombia,486.68
5Y83U57VV64,88270,DL7036,Food - Beverages,18,3.49,maestro,2024-02-02,New Caledonia,62.82
4AV7DE5XU26,6657,LA7059,Beauty,87,39.99,mastercard,2024-07-19,United States,3479.13
1XC9PV9XA99,8681,AM8076,Food - Baking,9,2.49,bankcard,2024-08-08,Russia,22.41
9F58F41CG58,4865,SA6382,Health,37,39.99,maestro,2024-04-23,Sweden,1479.63
5NJ0MF3JK26,88756,AI5189,Food - Baking Goods,22,1.79,jcb,2024-08-11,Iraq,39.38
4F80KM2CU73,18534,WN8004,Food - Prepared Foods,50,5.99,china-unionpay,2024-12-03,Sweden,299.5
8M96F01CJ07,38130,SK4848,Food - Frozen Foods,47,2.99,maestro,2024-12-02,Philippines,140.53
1WR9UG1XF37,4297,IB1120,Toys,74,49.99,jcb,2024-04-17,Pakistan,3699.26
9C45G92RU43,67892,ET8238,Food - Snacks,4,1.99,jcb,2024-12-28,Peru,7.96
5XH3FY5WY24,50948,EK2062,Art Supplies,81,25.99,diners-club-enroute,2024-08-30,Tunisia,2105.19
1CV2CW5YM62,90559,TG5187,Accessories,18,24.99,jcb,2024-09-25,China,449.82
6UW0TN6WW95,15940,KL6888,Pets,89,39.99,jcb,2024-08-27,China,3559.11
7N36C53VE27,62946,AF4074,Fitness,14,12.99,laser,2024-01-27,Indonesia,181.86
5CG8WW0DX10,67242,AZ7009,Home,14,34.99,laser,2024-08-28,United Kingdom,489.86
7JK1XJ3VR42,25781,QF8051,Kitchen,49,22.99,maestro,2024-07-04,China,1126.51
8DU2HU3MM02,68270,ET3337,Clothing - Pants,26,49.99,solo,2024-12-30,Ukraine,1299.74
1KE7CT6TJ77,90065,QF9426,Baby,4,9.99,diners-club-enroute,2024-09-10,Brazil,39.96
4ED0F69CG88,24627,QF2814,Food - Condiments,99,3.49,jcb,2024-08-30,Russia,345.51
3JV9W66NA67,8280,KE5277,Food - Breakfast,57,2.99,visa-electron,2024-10-22,China,170.43
5AF9ND3HC83,6509,AA5371,Food - Snacks,92,5.99,instapayment,2024-07-15,Brazil,551.08
1VX9UH5DR93,99304,EK9627,Food - Cooking Oil,72,6.99,bankcard,2024-07-08,Portugal,503.28
6E30T38YV48,69209,SQ8680,Food - Snacks,79,3.19,diners-club-carte-blanche,2024-05-14,Israel,252.01
5KE8FU2WD13,32212,EK1205,Food - Bakery,2,3.79,jcb,2024-04-07,Colombia,7.58
4TC8QW3YC58,46337,LA1106,Food - Canned Goods,39,2.49,visa-electron,2024-04-05,Cuba,97.11
9M90D32YX62,66776,AZ5827,Fitness,54,44.99,jcb,2024-02-08,China,2429.46
7R35Q68WQ83,92275,QF5020,Kitchen,79,10.99,visa,2024-04-01,Greece,868.21
8VX6M70FD91,20608,AA4346,Toys,13,49.99,maestro,2024-12-09,Greece,649.87
8VM2RH0EH68,97284,SA5199,Travel,24,15.99,maestro,2024-11-07,Japan,383.76
4A05QT6AG09,75526,SA3589,Food - Condiments,0,2.99,jcb,2024-03-26,Russia,0.0
9FU1C97XG70,1495,NH4186,Accessories,43,19.99,jcb,2024-05-11,Czech Republic,859.57
6PF7VC1FX73,8683,KL9667,Food - Frozen Foods,59,4.29,switch,2024-06-17,China,253.11
7DA5PN6HV53,96112,DL5196,Health,86,14.99,visa-electron,2024-02-25,China,1289.14
9E47NQ9TK38,72533,BA7831,Pets,40,39.99,jcb,2024-12-08,Ukraine,1599.6
9EK7V12VQ84,95353,IB5036,Home,30,34.99,jcb,2024-02-09,Philippines,1049.7
3AQ1UE5QX09,33843,TG5206,Outdoor,57,49.99,solo,2024-10-10,Burkina Faso,2849.43
7HK6T11TV39,83417,AZ8339,Outdoor,17,34.99,jcb,2024-12-01,Russia,594.83
7G06YR2UQ33,45888,TG7094,Garden,0,8.99,visa-electron,2024-07-25,Russia,0.0
9MJ0GT1TQ51,74287,QR7179,Food - Desserts,28,4.99,mastercard,2024-06-24,Japan,139.72
3N23WR1XP05,53184,AI9950,Electronics,68,49.99,jcb,2024-01-11,China,3399.32
6DV5QG1RM13,15035,WN1647,Food - Frozen Foods,62,5.99,americanexpress,2024-08-28,China,371.38
6W91T15QX88,67487,NZ1813,Food - Snacks,0,3.99,maestro,2024-12-07,Brazil,0.0
8WN6NM8UW29,78093,QR2285,Food - Prepared Meals,21,8.99,jcb,2024-05-19,Armenia,188.79
8UJ2K14RQ55,95478,WN2783,Food - Breakfast,92,2.89,maestro,2024-11-10,Russia,265.88
5HA0NC8CD16,67543,AF8357,Clothing - Footwear,90,29.99,americanexpress,2024-10-28,Yemen,2699.1
8FR1NP3AA09,20445,AZ5112,Office,50,34.99,jcb,2024-09-01,Russia,1749.5
2VQ6WN3HY47,68115,AM9401,Food - Canned Goods,16,1.89,diners-club-carte-blanche,2024-02-09,Afghanistan,30.24
1EC7KK7AC25,95697,QR9135,Home Appliances,31,45.99,jcb,2024-02-17,Sweden,1425.69
8QM5K20DG40,65126,AZ2628,Fitness,55,15.99,jcb,2024-06-12,France,879.45
4MP1MD4HD42,47567,SK9472,Food - Meat,35,5.49,maestro,2024-07-03,China,192.15
7GD3TM5HT85,79088,QF1326,Food - Frozen Foods,24,4.49,china-unionpay,2024-07-10,Kazakhstan,107.76
6NR5QK8YY22,22275,NH9577,Tools,98,29.99,switch,2024-10-12,Norway,2939.02
7XV7AX4CT46,4250,LA9709,Food - Salads,65,3.99,jcb,2024-06-21,Indonesia,259.35
1J62RK3DG87,54798,SK3607,Clothing - Footwear,80,99.99,jcb,2024-12-28,France,7999.2
8VD3K59XM55,91856,LA1659,Clothing - Outerwear,83,99.99,bankcard,2024-06-22,Indonesia,8299.17
1J30K32PA16,81169,AC7067,Food - Condiments,97,2.79,mastercard,2024-05-12,Russia,270.63
3PU0NU9QQ34,1176,DL4343,Kitchen,76,9.99,visa,2024-07-06,Thailand,759.24
6UQ4AP1RD28,99622,SK7103,Garden,50,24.99,americanexpress,2024-05-28,Sweden,1249.5
7Y58QA9DC61,43827,AZ9023,Automotive,92,59.99,china-unionpay,2024-03-21,Indonesia,5519.08
7UN8GP5CH08,16266,NH9393,Clothing - Pants,10,54.99,jcb,2024-07-21,Japan,549.9
3GK7PK4RU84,17864,SK5314,Home,31,14.99,diners-club-carte-blanche,2024-06-23,Colombia,464.69
3HT3J33AH95,69218,QF1789,Outdoor,75,59.99,mastercard,2024-12-01,Philippines,4499.25
6FW2YN6CC51,93433,AA2173,Food - Canned Goods,6,1.5,visa,2024-11-24,Russia,9.0
6H36HQ2VV86,51767,ET6157,Food - Condiments,0,4.49,jcb,2024-02-07,Czech Republic,0.0
5HQ1P68UY78,58467,AA8500,Clothing - Sweaters,60,39.99,jcb,2024-05-09,United States,2399.4
9EK9KF8WD99,9099,WN2810,Fitness,29,49.99,jcb,2024-07-06,Guinea,1449.71
3PU6V67QX90,52878,KL6936,Garden,75,49.99,maestro,2024-03-02,Central African Republic,3749.25
2KQ7XV0HC26,46055,SA8119,Clothing - Tops,44,22.99,visa-electron,2024-04-20,Indonesia,1011.56
7MV5E96TX40,40722,AM2164,Clothing - Outerwear,5,49.99,bankcard,2024-11-29,Indonesia,249.95
7FE9YJ3QW23,63652,AI1800,Food - Dips,3,3.49,solo,2024-09-03,Indonesia,10.47
6J89VD9MY38,29280,AM5249,Food - Breakfast,34,4.19,laser,2024-11-02,Peru,142.46
3WH6AV8NF25,30046,AF7087,Food - Meats,14,9.99,jcb,2024-07-03,Poland,139.86
5EN3RT3WV26,78437,KE2503,Food - Sauces,90,1.29,jcb,2024-06-01,United States,116.1
2MX5EQ9WY89,83221,SK9048,Office,37,29.99,maestro,2024-08-22,China,1109.63
3N45NQ3XD35,68796,IB4953,Pets,9,149.99,jcb,2024-09-16,United States,1349.91
6WH3TM1WR92,89390,AZ1037,Food - Beverages,4,1.99,diners-club-carte-blanche,2024-06-23,Russia,7.96
9KX1NR9XF44,35019,AV2754,Food - Prepared Foods,38,3.99,switch,2024-04-08,Poland,151.62
3H78KQ7VP99,70164,AZ2467,Food - Frozen Meals,44,1.99,maestro,2024-11-17,Canada,87.56
8HP5E99FH93,88549,BA1466,Pets,93,12.99,mastercard,2024-01-23,China,1208.07
8XJ8WU4ER29,72167,AC5159,Kitchen,44,49.99,maestro,2024-03-13,China,2199.56
5CR1F56XG66,83851,LH6780,Art Supplies,72,19.99,jcb,2024-08-25,Nigeria,1439.28
5A68G51VV74,73262,DL5099,Audio,49,49.99,mastercard,2024-11-16,Canada,2449.51
3GT1CR2NW72,46606,AZ5348,Travel,42,9.99,china-unionpay,2024-08-01,Russia,419.58
6FK6W47YN05,53160,QF1128,Kitchen,57,22.0,jcb,2024-01-19,Chile,1254.0
7JW6QK9TP32,22230,AA6888,Office,36,29.99,jcb,2024-01-12,China,1079.64
9W53MY3YX45,33676,EK2269,Food - Vegetables,35,3.99,instapayment,2024-08-09,Japan,139.65
1VH5K98KN44,91232,KL3207,Clothing - Shoes,60,44.99,jcb,2024-07-24,Syria,2699.4
2U23U92GN51,52688,KE7799,Food - Vegetables,7,4.99,china-unionpay,2024-06-22,Sweden,34.93
6JK5GH9MV69,76801,NH8525,Food - Snacks,23,1.99,maestro,2024-09-05,China,45.77
1VD3CH0RE39,92910,TG7112,Food - Grains,18,2.29,diners-club-carte-blanche,2024-03-14,Colombia,41.22
1CV0HD1EN67,24293,KE8796,Kitchen,32,89.99,americanexpress,2024-02-29,Brazil,2879.68
7N22W95YX70,98506,AZ6073,Food - Confectionery,19,4.99,jcb,2024-01-04,Brazil,94.81
7GT4G71HM51,7654,AM8660,Outdoor,50,29.99,diners-club-us-ca,2024-10-12,Russia,1499.5
1EK0WH0CW66,30414,AC5741,Food - Cereal,14,4.29,jcb,2024-10-21,Sweden,60.06
5JH6WT5CP68,4514,QR2054,Tools,12,39.99,jcb,2024-02-17,Brazil,479.88
6NV9A77UN57,94313,AI6943,Food - Prepared Foods,74,4.99,visa-electron,2024-05-27,Philippines,369.26
6YY7RU9WV04,65406,AI1429,Smart Home,37,79.99,mastercard,2024-07-17,China,2959.63
8N17EK7PT65,91712,KL3664,Food - Baking,77,2.49,diners-club-enroute,2024-08-27,Indonesia,191.73
7P44VQ3GC91,76042,QR2224,Food - Dairy,75,5.99,instapayment,2024-08-05,Brazil,449.25
7U50K67QD09,40116,BA2815,Clothing - Tops,35,59.99,mastercard,2024-01-24,Australia,2099.65
6F53C06RK42,376,ET1457,Clothing - Bottoms,67,54.99,solo,2024-04-18,Colombia,3684.33
4HW5JR8CW09,54921,WN2726,Food - Beverages,50,3.99,maestro,2024-03-27,Colombia,199.5
1JC3W55WR50,13407,CX7596,Pets,20,59.99,diners-club-carte-blanche,2024-10-12,Sweden,1199.8
4HP9HG2AY43,61947,AV9918,Home,97,15.99,jcb,2024-02-22,Indonesia,1551.03
1GK5XG6PH71,60968,LA3551,Automotive,82,49.99,maestro,2024-08-04,Kazakhstan,4099.18
1CT1TY8AP46,45739,AZ9494,Smart Home,97,19.99,diners-club-enroute,2024-09-27,China,1939.03
9QJ1M94PG23,24292,WN1167,Food - Sauces,12,4.99,switch,2024-06-05,Turkmenistan,59.88
4W01GM9XY56,23523,WN2849,Food - Condiments,7,2.49,diners-club-enroute,2024-03-04,Hungary,17.43
9TK3GF0NR80,36190,NH6392,Books,1,14.99,americanexpress,2024-07-14,Cameroon,14.99
2PP5WY8WW05,8108,QF4102,Food - Frozen Foods,1,7.99,jcb,2024-03-03,Poland,7.99
8TH1TQ8JX37,42420,SA5492,Food - Beverages,22,3.79,maestro,2024-07-12,Uganda,83.38
9VR4DW8EK33,62620,AA2860,Food - Condiments,97,2.99,jcb,2024-08-26,Honduras,290.03
1JR4GH6CU24,14665,AA3791,Fitness,66,49.99,jcb,2024-10-21,Argentina,3299.34
3T58P62CJ26,85875,BA1044,Food - Meat,68,6.99,mastercard,2024-09-29,Indonesia,475.32
6DJ4NY4JY25,7169,QF1326,Food - Prepared Meals,26,5.99,jcb,2024-03-09,Indonesia,155.74
5DR8A88TA92,64069,AC8657,Food - Snacks,77,2.99,bankcard,2024-01-30,Thailand,230.23
8E45AN5CJ85,4370,SA4293,Clothing - Bags,84,89.99,jcb,2024-01-12,Russia,7559.16
1NJ1HC9GW34,43040,DL1090,Pets,57,39.99,diners-club-carte-blanche,2024-04-25,Yemen,2279.43
7DA7UT9DG82,77659,UA9363,Electronics,98,79.99,maestro,2024-07-05,Poland,7839.02
7JM8TJ2VU27,33538,DL2397,Pets,1,79.99,americanexpress,2024-11-20,Namibia,79.99
6K23XM0UH23,80926,TG6220,Fitness,75,15.99,jcb,2024-10-28,China,1199.25
8M63C62TN85,25683,ET8030,Food - Snacks,75,3.99,maestro,2024-03-19,Uzbekistan,299.25
9CE3N35JK50,94091,ET3617,Kitchen,42,14.99,maestro,2024-10-03,United Arab Emirates,629.58
7T16HF4TE65,9341,AM6970,Kitchen,20,22.0,visa,2024-01-30,China,440.0
2AC7QK3HJ62,85553,UA4854,Kitchen,21,99.99,visa-electron,2024-05-17,Faroe Islands,2099.79
3Q69U12EF40,37493,AF4682,Outdoor,6,49.99,mastercard,2024-07-29,Bangladesh,299.94
7YH7WE8MY88,53704,KE7989,Smart Home,49,119.99,jcb,2024-05-06,Canada,5879.51
7A17QH8GN96,9305,BA9479,Outdoor,66,34.99,maestro,2024-06-25,Russia,2309.34
9FN0W28RV33,6354,AF4644,Kitchen,13,39.99,jcb,2024-03-29,Indonesia,519.87
6DN8C66KN26,55435,IB7458,Food - Produce,11,2.99,jcb,2024-10-09,Philippines,32.89
4W17WY7EW47,59419,AV7161,Food - Condiments,52,4.29,jcb,2024-10-23,Indonesia,223.08
5DW7C58JC12,79123,LH3478,Food - Grains,81,6.99,maestro,2024-01-22,Indonesia,566.19
8X68MQ8DX86,56662,AF6875,Office,37,8.99,visa,2024-09-02,Indonesia,332.63
6RJ3HU7WW79,49603,NH1262,Food - Prepared Foods,95,5.99,jcb,2024-09-14,Micronesia,569.05
4UX8T15JG80,568,SA8535,Audio,39,69.99,americanexpress,2024-01-12,Malta,2729.61
3DM0UU2DR96,41669,UA8777,Outdoor,39,79.99,jcb,2024-12-03,Spain,3119.61
8X35M56TT69,87780,AC6547,Kitchen,10,19.99,china-unionpay,2024-12-23,Philippines,199.9
2F02Q41UX39,40249,NZ9071,Food - Frozen,32,6.49,jcb,2024-06-07,Nigeria,207.68
2PH4RU0TD55,81532,LH1304,Electronics,44,199.99,jcb,2024-08-10,Panama,8799.56
4AJ9TN9WV57,3967,ET3617,Food - Baking,2,4.99,diners-club-carte-blanche,2024-01-27,Jamaica,9.98
1PT7P46RA82,18214,LH7923,Kitchen,33,34.99,mastercard,2024-02-17,China,1154.67
3NC9GT0QH41,54583,LH9806,Food - Bakery,100,3.79,jcb,2024-04-22,China,379.0
5H55UK0DG89,4508,CX4540,Clothing - Footwear,55,39.99,jcb,2024-02-10,Nigeria,2199.45
2HY5RH8JV37,15836,EK7699,Kitchen,48,14.99,maestro,2024-06-18,China,719.52
9E10W12KX53,27021,QF6015,Food - Condiments,27,3.49,mastercard,2024-01-06,Philippines,94.23
2GE7HJ5CQ52,1705,IB2973,Food - Snacks,16,3.99,jcb,2024-01-11,Argentina,63.84
5RC5VA2FQ20,79006,QF5776,Automotive,35,24.99,jcb,2024-03-12,Vietnam,874.65
3KJ3WV4CC48,21434,UA2339,Fitness,87,24.99,jcb,2024-10-09,Russia,2174.13
9XA0MC3YJ15,25247,KE6531,Food - Grains,80,6.99,jcb,2024-02-17,Tunisia,559.2
7HE5WN5CF01,71335,SK9472,Kitchen,16,14.99,diners-club-enroute,2024-09-16,China,239.84
8RE7QJ8MQ92,64369,AV3166,Food - Salads,18,5.49,maestro,2024-11-29,Russia,98.82
9D25H70NG37,54998,AV9075,Clothing - Accessories,88,15.99,jcb,2024-10-29,Estonia,1407.12
4GG3F72MR71,98513,NZ4615,Accessories,80,12.99,maestro,2024-05-19,Czech Republic,1039.2
1J66MH7HX07,21665,DL5548,Food - Frozen Foods,75,6.49,jcb,2024-08-24,Zimbabwe,486.75
6M03DE4NE89,58950,AF9171,Clothing - Accessories,35,25.99,jcb,2024-04-14,China,909.65
3H61FA6HT57,83972,AF7678,Baby,4,39.99,laser,2024-04-26,Ukraine,159.96
2PV3G40QF23,62999,AC6293,Sports,67,19.99,maestro,2024-08-06,Czech Republic,1339.33
7TV0K21XX29,52681,DL5702,Travel,50,12.99,jcb,2024-10-06,Indonesia,649.5
1U84QU1XG35,38269,UA1392,Food - Grains,93,2.49,diners-club-enroute,2024-07-12,Russia,231.57
8Y70WY3GM43,82105,KE7979,Fitness,54,39.99,jcb,2024-04-10,Iceland,2159.46
9PU3K59TN87,27106,WN4258,Health,26,14.99,maestro,2024-03-08,Japan,389.74
3Q69YV4AJ62,22409,KE8449,Food - Baking,59,6.99,jcb,2024-01-18,Sweden,412.41
2UE3MG1MJ45,86642,BA7332,Home,6,45.99,maestro,2024-12-27,Bangladesh,275.94
7KN3GJ0FU62,71809,IB8002,Outdoor,75,24.99,jcb,2024-06-06,Indonesia,1874.25
6YQ6FE9DG61,16961,QR7630,Home,18,19.99,diners-club-carte-blanche,2024-05-21,United States,359.82
6KH9QQ8HK59,59083,KL1835,Food - Pantry,29,3.59,switch,2024-02-16,Russia,104.11
5YN2RH9XV60,24369,SQ8993,Toys,95,14.99,americanexpress,2024-09-11,Ukraine,1424.05
8E33H52JE49,92037,NZ6282,Food - Condiments,29,2.99,switch,2024-05-18,Russia,86.71
3XQ7AN1DD01,35058,NH4530,Food - Frozen Fruits,91,4.89,mastercard,2024-12-21,Ireland,444.99
2NW8PX2RN95,23796,ET7584,Home Improvement,11,39.99,jcb,2024-02-21,China,439.89
6VC3DK2RP65,11668,AF7307,Food - Canned Goods,52,2.49,visa-electron,2024-11-01,Mexico,129.48
2KQ8J68XD97,96590,AZ7072,Bathroom,59,39.99,maestro,2024-06-11,China,2359.41
7Y43V81PG16,76782,LA9341,Food - Prepared Foods,11,5.49,jcb,2024-02-26,Indonesia,60.39
4P03MF0YA34,56836,LA8565,Food - Bakery,93,2.99,jcb,2024-10-17,Indonesia,278.07
2H96DM3PY50,80773,QR9021,Bicycles,14,34.99,jcb,2024-07-26,Republic of the Congo,489.86
5C99PJ7HD68,14283,ET5363,Kitchen,32,18.99,bankcard,2024-03-03,China,607.68
6FX2CV5XT43,66246,NZ7965,Food - Condiments,13,3.99,mastercard,2024-11-14,China,51.87
3NW0AF5VT64,47870,AZ8496,Food - Breakfast,39,2.99,bankcard,2024-09-01,Colombia,116.61
2WT5GA4XN24,42238,AZ2355,Food - Baking,85,0.99,mastercard,2024-06-24,Indonesia,84.15
9K00NF8QN40,9686,AF5545,Food - Produce,67,3.49,mastercard,2024-07-05,Canada,233.83
1D80ET3AG81,74104,SK7094,Kitchen,44,14.99,mastercard,2024-04-25,Iran,659.56
2H50TR1MV21,14022,AF3446,Food - Breakfast,85,5.49,instapayment,2024-05-08,Poland,466.65
2F32XE1HV00,42973,EK2263,Garden,90,24.99,diners-club-carte-blanche,2024-10-19,Tanzania,2249.1
9YK7TJ0UA08,11928,DL6919,Kitchen,4,49.99,jcb,2024-02-22,China,199.96
9MF3DH1UD53,93072,DL6507,Food - Meat,97,15.99,diners-club-carte-blanche,2024-01-15,China,1551.03
7E57VX0XN94,2128,ET3231,Food - Meat,34,7.99,switch,2024-07-22,Bulgaria,271.66
8E12V33GK79,9983,DL8968,Garden,27,15.99,jcb,2024-09-25,Dominican Republic,431.73
5NK1ME3NH95,77054,AC1668,Food - Frozen Foods,18,3.99,bankcard,2024-12-09,China,71.82
1KF8MX7RU29,46026,AA9114,Food - Condiments,40,4.29,diners-club-carte-blanche,2024-10-02,Nicaragua,171.6
3NT3X16QF21,74606,SQ8501,Smart Home,94,79.99,americanexpress,2024-09-02,United States,7519.06
5WR0MX9PR58,36735,AI4546,Food - Protein,73,4.99,jcb,2024-07-17,Colombia,364.27
5E25XQ0JT73,60783,WN7221,Food - Frozen Foods,47,8.99,jcb,2024-07-12,Panama,422.53
8UK7N47GN93,52807,NH7063,Beauty,29,34.99,maestro,2024-11-06,China,1014.71
6RK0AQ1JJ40,21079,BA2088,Food - Vegetables,95,3.99,diners-club-carte-blanche,2024-09-18,Indonesia,379.05
3WP2EH9EJ95,11455,TG6097,Food - Nuts,98,8.49,visa-electron,2024-07-03,China,832.02
3KU9HY3XK93,64741,SQ5996,Clothing - Outerwear,66,129.99,jcb,2024-11-05,Poland,8579.34
6NW7X38UD54,49128,IB5615,Toys,91,14.99,jcb,2024-02-02,Portugal,1364.09
9U41TD0QG89,52889,AA3818,Food - Bakery,37,4.79,jcb,2024-04-27,Peru,177.23
6CG0UV8HV43,4696,NZ6683,Food - Frozen Foods,20,4.99,china-unionpay,2024-06-25,China,99.8
5NT0UH9HE04,63567,AA5924,Travel,52,24.99,china-unionpay,2024-02-26,China,1299.48
4XF4A98UV11,59522,AC9149,Toys,55,58.99,mastercard,2024-07-08,China,3244.45
7KR4KR2DM81,71407,EK4646,Kitchen,32,10.99,maestro,2024-10-24,Mexico,351.68
3HD9AV0QV99,95672,SQ6672,Outdoor,52,29.99,maestro,2024-12-28,China,1559.48
8JH5D76MF59,99151,IB2730,Clothing - Outerwear,70,99.99,jcb,2024-01-09,United States,6999.3
5CR0CX6EQ13,93738,AV6858,Food - Meat,72,7.99,bankcard,2024-03-03,Ukraine,575.28
4EX3JK5CH75,59043,TG9656,Food - Deli,93,3.49,mastercard,2024-03-17,Philippines,324.57
5R16GX1DG21,14635,AV1894,Food - Beverages,65,3.29,americanexpress,2024-03-21,Japan,213.85
8WM5Q55XJ67,93146,AF9501,Gaming,61,39.99,jcb,2024-02-11,Sweden,2439.39
3E67UE9UE17,51776,AI9969,Kitchen,69,29.99,mastercard,2024-08-30,Canada,2069.31
6R19X58UN05,57859,SK4478,Pets,70,5.99,mastercard,2024-10-28,Switzerland,419.3
4JM6U70NY58,78779,LH3854,Clothing - Tops,17,24.99,mastercard,2024-04-10,Russia,424.83
3AR5U42UW71,24461,SA9162,Food - Prepared Meals,21,8.99,jcb,2024-04-26,China,188.79
7TK8Q55XE92,83575,SA1377,Food - Cereal,96,4.29,jcb,2024-03-24,Colombia,411.84
9R42DT3QP32,53419,TG9392,Food - Canned Goods,51,1.29,jcb,2024-12-29,France,65.79
9RD8AW5TR43,43512,NZ7198,Kitchen,57,29.99,jcb,2024-04-18,Macedonia,1709.43
9GT4PX4AH30,69224,AC2407,Kitchen,78,10.99,jcb,2024-06-20,Russia,857.22
7RC2E51VV87,86451,KL7317,Food - Snacks,63,1.99,mastercard,2024-12-14,China,125.37
3Q00Y48JM56,15848,BA7629,Accessories,89,19.99,jcb,2024-10-31,United States,1779.11
9RK8M44JU64,67477,WN4746,Clothing - Sweaters,20,39.99,jcb,2024-12-22,Guinea,799.8
2UA7NG7UE39,43121,BA4592,Food - Dressings,33,2.69,instapayment,2024-01-26,Pakistan,88.77
4P41MA6UY55,58566,BA6099,Food - Beverages,61,2.79,jcb,2024-04-25,Belgium,170.19
6AH6UW7VD12,8209,SA6768,Food - Prepared Foods,68,4.29,jcb,2024-06-06,Indonesia,291.72
9NU9EW5XD15,3973,SQ5805,Food - Cooking Essentials,30,2.49,diners-club-us-ca,2024-08-14,Armenia,74.7
7ER7MN8GR57,60899,SK3193,Food - Meat,36,7.49,visa-electron,2024-11-02,Germany,269.64
4KK9HJ8JV10,27036,KL7602,Food - Frozen,77,6.49,jcb,2024-06-03,China,499.73
4Y12A24NV08,96984,TG2002,Automotive,7,49.99,jcb,2024-08-10,Philippines,349.93
9WA0J37DF30,13134,SA4414,Food - Cereal,99,2.49,visa,2024-08-28,Philippines,246.51
6MA8XT1EG86,82410,AM6507,Food - Cereal,91,4.99,jcb,2024-07-12,Vietnam,454.09
2WF3QM6EW39,3020,BA8865,Food - Soups,60,2.99,diners-club-carte-blanche,2024-05-12,United States,179.4
9E56RU4NF31,3546,NZ5311,Kitchen,83,39.99,diners-club-enroute,2024-07-14,Thailand,3319.17
1RD7V52CH49,16579,LH4362,Beauty,76,39.99,jcb,2024-10-16,Peru,3039.24
1DX7W48MM62,12556,KE2030,Clothing - Pants,46,54.99,jcb,2024-12-23,United States,2529.54
1DQ0Q58XP43,9754,SQ3139,Wearable Tech,29,99.99,switch,2024-04-20,Croatia,2899.71
4U38Q42HA80,97851,DL5304,Food - Canned Goods,29,1.29,visa-electron,2024-08-12,Portugal,37.41
6EQ7C25CH19,93787,EK1215,Food - Meat,77,7.99,diners-club-enroute,2024-09-15,Indonesia,615.23
3KK3Y65KK44,29710,AI6362,Health,36,29.99,mastercard,2024-09-30,China,1079.64
6QE2CA2XK41,73689,DL3012,Kitchen,6,10.99,jcb,2024-09-03,Poland,65.94
7JD8EN1GV37,14196,QR9598,Food - Frozen Foods,6,5.99,bankcard,2024-05-10,Finland,35.94
1J43MA8EP93,76223,NZ9504,Smart Home,32,19.99,jcb,2024-01-05,China,639.68
1UV9FH7MC76,83157,SQ7993,Food - Confectionery,43,4.99,jcb,2024-05-28,Germany,214.57
2KT7UY9NW27,38265,NZ3240,Outdoor,13,19.99,jcb,2024-06-12,Portugal,259.87
7KU7JE5DK97,5105,EK3102,Food - Prepared Meals,21,6.49,mastercard,2024-09-13,Sudan,136.29
4W09UX4TC68,9051,ET4335,Automotive,72,59.99,jcb,2024-08-29,Poland,4319.28
2H67RU5CK19,58786,NH7322,Food - Condiments,51,4.49,americanexpress,2024-04-19,China,228.99
4M48CK3VJ58,12427,AC7816,Food - Canned Goods,25,1.5,jcb,2024-05-27,China,37.5
5N01JK3QG33,23638,WN7161,Food - Condiments,67,5.29,mastercard,2024-10-25,Russia,354.43
8UX4W03AD71,51854,WN2152,Food - Frozen Foods,66,5.49,jcb,2024-01-11,Argentina,362.34
4VR3EQ9WN84,72852,LA7916,Food - Canned Goods,39,2.49,bankcard,2024-04-11,Nigeria,97.11
2CA4DJ6XU35,41655,QF7414,Food - Snacks,40,3.49,bankcard,2024-01-24,Poland,139.6
4YV3W97VP82,12247,CX9836,Food - Prepared Foods,77,4.99,maestro,2024-01-22,Morocco,384.23
7E64GD2WR57,75999,IB9207,Travel,32,14.99,jcb,2024-05-29,Poland,479.68
9NX3PM2WX42,23634,ET8685,Food - Pasta,59,3.99,jcb,2024-02-07,Bangladesh,235.41
3PT4Q02UC65,35250,BA9137,Food - Canned Goods,93,3.29,mastercard,2024-07-26,United States,305.97
6VW1PM6VX23,82479,SQ7261,Food - Salads,26,4.49,jcb,2024-01-15,Benin,116.74
3JF5M98AD26,96874,AF4414,Sports,10,49.99,diners-club-carte-blanche,2024-12-04,China,499.9
3WT7EH6JV63,18486,AM7741,Home,67,19.99,china-unionpay,2024-01-17,Brazil,1339.33
5P01T43DV06,70362,EK7978,Travel,94,29.99,visa-electron,2024-02-17,China,2819.06
1AU9UT9JM58,52585,SA3457,Accessories,44,9.99,china-unionpay,2024-01-29,Syria,439.56
9T64M04CW26,39662,AC5659,Food - Dairy,10,2.99,jcb,2024-03-28,China,29.9
3ER6AU5HC28,38564,TG7226,Home,79,15.99,jcb,2024-10-24,Indonesia,1263.21
5CG0A33QJ15,54368,AF3957,Baby,38,79.99,maestro,2024-06-27,Argentina,3039.62
3HY6WG9PK91,36017,KE5983,Food - Meat,97,7.99,americanexpress,2024-02-03,Japan,775.03
7VW0DX9AW16,463,KE6531,Food - Soups,33,3.29,jcb,2024-11-04,China,108.57
4RG3XG1CU97,39073,EK2864,Food - Pasta,29,3.79,jcb,2024-10-06,Vietnam,109.91
5MH4CJ2HX83,2300,LA3981,Food - Desserts,92,2.29,diners-club-enroute,2024-03-16,Kenya,210.68
9QG3PK7EV48,47038,AV9155,Food - Snacks,77,2.99,diners-club-enroute,2024-07-15,China,230.23
3NN0F15MT21,23858,LA5103,Food - Snacks,33,4.29,americanexpress,2024-01-29,China,141.57
9U19E32HV46,83908,SK6761,Food - Meat,100,7.99,laser,2024-09-24,Indonesia,799.0
9MC0DX8AU89,84675,AI8084,Fitness,16,14.99,laser,2024-05-07,China,239.84
3VM8RP5RH93,27246,IB7103,Clothing - Activewear,87,29.99,jcb,2024-04-18,China,2609.13
2QD0FA6HW68,14475,KL1984,Accessories,90,12.99,diners-club-us-ca,2024-03-02,Thailand,1169.1
6JK1Y83TR75,24616,ET8279,Food - Spices,66,2.09,mastercard,2024-10-05,Canada,137.94
8U25DA4YM81,47139,QR4927,Clothing - Accessories,92,24.99,jcb,2024-07-22,Bulgaria,2299.08
8Y88Q29FN33,38908,NZ6084,Kitchen,95,59.99,jcb,2024-05-14,Equatorial Guinea,5699.05
6QV5XF2VW65,36566,TG9446,Toys,16,34.99,switch,2024-12-30,Indonesia,559.84
4RG6AQ1CY73,59992,AZ5926,Home,66,29.99,jcb,2024-12-15,China,1979.34
6A70DG6KK29,11124,ET9707,Footwear,76,89.99,diners-club-carte-blanche,2024-02-25,Thailand,6839.24
7U42KY5DP08,22143,AM8507,Travel,6,15.99,jcb,2024-10-31,South Africa,95.94
1K65D00GE12,54395,IB7229,Office,75,39.99,jcb,2024-06-12,Malawi,2999.25
4TX0H80HM46,28415,AC8416,Food - Condiments,76,3.99,maestro,2024-07-14,Sweden,303.24
3JM2M31WX13,80802,KL7739,Accessories,78,24.99,laser,2024-02-26,Ethiopia,1949.22
1PC0VE4YX06,43516,AI9507,Clothing - Footwear,2,24.99,diners-club-carte-blanche,2024-06-21,Portugal,49.98
5J68KP3RP09,39319,SK2568,Food - Bakery,85,5.49,bankcard,2024-03-13,Russia,466.65
5T23NH6YX65,8196,AF8882,Fitness,66,69.99,mastercard,2024-11-16,Thailand,4619.34
3TT1XK5WQ61,63638,SK4098,Kitchen,46,29.99,jcb,2024-03-13,China,1379.54
2WX6TP0VU99,50617,SQ4431,Bicycles,55,34.99,jcb,2024-11-09,Netherlands,1924.45
9FV3R35EG92,25922,LH6097,Food - Meat,53,6.99,bankcard,2024-02-10,Croatia,370.47
9V03A29UD96,25828,AC9192,Home,31,39.99,jcb,2024-01-14,China,1239.69
5UD7MU8DY77,14173,AA4559,Health,15,39.99,jcb,2024-05-09,Indonesia,599.85
6VK4P40GR79,93872,IB5615,Garden,19,39.99,jcb,2024-04-27,Japan,759.81
5KV8WR5DG68,95134,QF4447,Food - Soups,40,3.29,jcb,2024-10-12,Peru,131.6
5VU6P23VR98,9511,NH5280,Food - Dressing,47,3.39,diners-club-international,2024-07-22,Brazil,159.33
2WW3T91NU77,8924,LH6904,Clothing,45,89.99,switch,2024-10-16,Philippines,4049.55
9UG4R63TU00,64642,BA4680,Food - Snacks,63,5.49,instapayment,2024-05-09,El Salvador,345.87
2UT6PU0TK92,36850,UA6894,Outdoor,18,49.99,laser,2024-01-08,Indonesia,899.82
6XT1CK2JQ93,12830,AC5834,Gaming,79,199.99,jcb,2024-03-28,Russia,15799.21
9U74A82TK73,21345,WN4258,Automotive,40,19.99,maestro,2024-04-28,Brazil,799.6
6HE0V50XU65,82340,NZ9438,Kitchen,51,19.99,jcb,2024-06-30,Poland,1019.49
8A63CW1KM81,60019,SA8537,Books,69,27.99,jcb,2024-11-15,Thailand,1931.31
9H89CX8EM83,27298,AM5247,Audio,67,39.99,switch,2024-11-27,Japan,2679.33
2ET3YY6QM02,54779,AV2656,Food - Frozen Foods,12,4.49,bankcard,2024-06-10,Somalia,53.88
6DD9Y26TQ52,62517,EK4878,Food - Canned Goods,34,2.49,switch,2024-02-10,Italy,84.66
5UD8R88DQ96,89487,UA8158,Food - Dairy,78,3.29,jcb,2024-05-08,Hungary,256.62
7P57HV8FH82,66308,NZ1707,Food - Condiments,14,2.29,jcb,2024-04-11,Canada,32.06
8CV9KA2KW50,71706,KE6079,Food - Desserts,36,6.29,mastercard,2024-04-29,Indonesia,226.44
8HJ4PV7HV98,8169,QR7515,Food - Produce,3,1.29,diners-club-enroute,2024-04-06,Canada,3.87
3W33XV3CU68,35344,SA3589,Kitchen,87,89.99,americanexpress,2024-11-30,Peru,7829.13
3MV3VJ9KQ61,47927,CX7004,Food - Cooking Essentials,52,2.49,jcb,2024-06-11,Nigeria,129.48
1A35JU4FT18,59485,BA7384,Books,49,14.99,jcb,2024-02-16,Indonesia,734.51
9NP4GW6ME23,87277,NH3161,Accessories,46,22.99,americanexpress,2024-04-07,Canada,1057.54
7AK7M59AW58,72773,BA9018,Outdoor,10,39.99,americanexpress,2024-12-07,Japan,399.9
4G51GY5XE02,94534,DL4723,Food - Produce,21,6.99,jcb,2024-11-28,Ukraine,146.79
2MV9U83TM76,39373,LH7923,Food - Nuts,12,8.99,diners-club-carte-blanche,2024-05-13,Indonesia,107.88
9Y10G47UE20,2215,KL9596,Clothing - Outerwear,50,129.99,instapayment,2024-08-11,Luxembourg,6499.5
4XP2UU2PR40,63048,AC6946,Food - Frozen Foods,51,5.99,jcb,2024-01-25,Philippines,305.49
4JW7HM8FK33,6291,NZ2820,Art Supplies,38,18.99,maestro,2024-09-12,China,721.62
7AM6JM2GJ41,38999,AI2034,Food - Meat,33,7.99,diners-club-carte-blanche,2024-10-11,China,263.67
3JQ3MF5HY88,96917,KL3076,Automotive,28,49.99,laser,2024-03-18,Nigeria,1399.72
8XH5TU7NN70,45469,WN8234,Kitchen,39,79.99,mastercard,2024-01-05,Macedonia,3119.61
1DW1Q88VN29,65727,AV6858,Gaming,38,199.99,switch,2024-04-28,Philippines,7599.62
9VV3QC5HF39,6356,NH4854,Home,98,89.99,laser,2024-08-18,Albania,8819.02
6JJ2DD8AG90,25644,AF7132,Home,94,199.99,jcb,2024-08-25,Colombia,18799.06
1WQ0JT5FH51,8880,UA8589,Food - Spreads,100,4.29,mastercard,2024-09-27,Colombia,429.0
5PD1C44VQ29,53326,AM3348,Toys,34,29.99,diners-club-us-ca,2024-06-10,China,1019.66
8C80UF2MT55,92181,TG7191,Art Supplies,73,79.99,maestro,2024-04-19,Portugal,5839.27
5EW7FP4YH22,39526,LA2523,Beauty,71,39.99,mastercard,2024-08-26,China,2839.29
4QE6YC4MF59,66484,SQ8453,Food - Bakery,4,3.29,visa-electron,2024-01-05,Argentina,13.16
8VG6DA4AY56,80520,UA5070,Kitchen,77,11.99,visa,2024-12-27,China,923.23
6UU1QE4ED32,78903,QF8394,Home,71,19.99,jcb,2024-06-05,Paraguay,1419.29
3W32XC1AX72,79733,AC8527,Food - Soups,90,2.99,diners-club-us-ca,2024-04-05,France,269.1
2D62JM2TX63,20665,LH1518,Food - Frozen,97,4.99,jcb,2024-11-16,Indonesia,484.03
8EX1KX9JE18,5851,SA8740,Food - Pasta,47,3.99,bankcard,2024-11-06,Portugal,187.53
1AY0H96FD32,58466,QR2379,Home,56,59.99,jcb,2024-10-02,Uruguay,3359.44
9A83T95WF49,49824,TG4162,Electronics,75,29.99,mastercard,2024-03-21,Myanmar,2249.25
7U26YD0EF65,85547,EK5205,Clothing - Footwear,79,39.99,maestro,2024-05-28,Venezuela,3159.21
9GD3AY1MU47,84491,AM3700,Food - Seafood,68,8.99,jcb,2024-02-09,Palestinian Territory,611.32
2FG0A49YX71,60622,KE5316,Food - Frozen,98,2.49,jcb,2024-02-11,France,244.02
7TR1AH5RC48,90539,SA7986,Food - Dairy,20,3.49,visa-electron,2024-10-09,China,69.8
9YG2FW2XA17,97373,ET6738,Electronics,7,24.99,switch,2024-04-07,Indonesia,174.93
9J15UA7UA58,29405,UA8235,Food - Salads,64,7.49,jcb,2024-10-16,Panama,479.36
6XX8QT7KM87,87595,AM8176,Kitchen,57,14.99,jcb,2024-02-23,Colombia,854.43
7NX6Q34JR55,45811,KL9709,Food - Condiments,2,3.99,switch,2024-02-21,Philippines,7.98
7EC7E06FD35,68092,UA5552,Food - Dairy,74,3.49,bankcard,2024-03-17,Indonesia,258.26
5T27P66UT80,44338,EK3787,Clothing - Shoes,68,44.99,visa-electron,2024-12-28,Philippines,3059.32
2YC9RT4NU13,59298,NH7905,Clothing,94,89.99,jcb,2024-02-28,China,8459.06
5MP1JQ2CE42,82475,SQ5891,Garden,97,12.99,visa,2024-11-03,Canada,1260.03
5EV9W69EE49,43228,WN4258,Outdoor,96,79.99,jcb,2024-01-01,Japan,7679.04
7A19X84KQ57,33355,LA3971,Clothing - Coats,78,129.99,mastercard,2024-03-10,Indonesia,10139.22
3WY7R88VD33,61685,AA2865,Toys,84,34.99,mastercard,2024-04-05,Indonesia,2939.16
7MJ7R49MN92,98839,ET8460,Food - Frozen Foods,86,5.99,bankcard,2024-08-23,Portugal,515.14
7C94NA7UT86,78257,IB8460,Food - Marinades,42,3.29,jcb,2024-04-20,Philippines,138.18
9KJ3VD5WA48,60092,NZ5165,Home,9,39.99,mastercard,2024-10-28,Philippines,359.91
3R70DK9QF06,15373,AC3780,Kitchen,52,24.99,diners-club-carte-blanche,2024-01-08,Indonesia,1299.48
5X71DR4NF68,74571,SK6106,Food - Snacks,6,3.99,diners-club-enroute,2024-08-25,Sweden,23.94
1XM7FP1VG71,43048,AM5384,Home Appliances,11,129.99,jcb,2024-01-27,Russia,1429.89
6T38FJ3AF13,84684,AC4071,Food - Beverages,9,3.29,maestro,2024-12-25,Indonesia,29.61
2VW2HJ2WE49,82907,QR8684,Food - Bakery,30,3.29,diners-club-enroute,2024-11-29,Argentina,98.7
3RY2T16CK88,6432,AV5118,Food - Snacks,22,3.29,china-unionpay,2024-01-02,Indonesia,72.38
2XQ3DX0UR20,54891,QR6374,Food - Condiments,81,3.49,solo,2024-10-09,United States,282.69
2C04D30PG80,73547,DL4692,Electronics,48,99.99,jcb,2024-11-12,Luxembourg,4799.52
6UF0XN4JP69,2428,BA2485,Home,9,19.99,jcb,2024-08-17,Iran,179.91
2KP0VF6GM58,46177,UA5419,Home,32,59.99,visa-electron,2024-04-18,France,1919.68
4YW9VH6GM87,39380,AZ9034,Food - Condiments,64,3.49,jcb,2024-02-25,France,223.36
9GQ7JE2FV70,39849,AA2486,Health,15,79.99,visa-electron,2024-01-14,China,1199.85
3WQ6HH3FV43,58271,AM4317,Kitchen,89,39.99,china-unionpay,2024-07-20,United States,3559.11
6QG5C25JU96,65623,NH1887,Food - Salad Toppings,36,2.99,jcb,2024-11-02,Belarus,107.64
6T47AQ1JC51,38597,QR7416,Home,93,19.99,jcb,2024-07-03,Chile,1859.07
5YY4KP1JP56,86684,BA4656,Bicycles,89,899.99,visa,2024-06-19,Poland,80099.11
4EM1W15WR74,77972,UA5293,Food - Frozen Desserts,20,4.99,jcb,2024-05-05,Pakistan,99.8
9PM8K76KE05,46762,BA1635,Food - Baking Goods,81,2.99,jcb,2024-12-30,Russia,242.19
1TC5WC9YF74,9858,SQ2715,Food - Beverages,48,1.99,diners-club-carte-blanche,2024-08-10,Sweden,95.52
3F50K86QK66,55651,AI1813,Food - Dairy Alternatives,63,2.79,jcb,2024-04-23,China,175.77
9W29EK1HM72,84204,AC3846,Food - Dairy,31,3.49,americanexpress,2024-04-16,China,108.19
1HR7XX1XH84,37783,KE5403,Clothing - Dresses,54,59.99,china-unionpay,2024-09-26,Brazil,3239.46
3MC8AJ1AT52,7187,LA7200,Electronics,63,29.99,jcb,2024-02-09,China,1889.37
7AE9CX7UY03,73132,DL4188,Food - Snacks,1,3.29,jcb,2024-10-28,Venezuela,3.29
8UY8J64KC73,73187,ET7440,Kitchen,18,59.99,diners-club-enroute,2024-09-23,Indonesia,1079.82
4W34AR2GA89,11418,KE7203,Food - Nuts,82,8.49,switch,2024-10-07,Russia,696.18
7FY7PH2TF81,33009,KE8640,Food - Canned Goods,76,7.99,visa-electron,2024-10-18,China,607.24
4PX7G23WX53,51563,LA4733,Toys,52,34.99,instapayment,2024-09-09,Honduras,1819.48
3C41WA1JT58,92417,SK4122,Food - Spreads,44,4.99,laser,2024-10-26,Ukraine,219.56
9T77GQ2NE49,77362,WN7860,Pets,41,9.99,visa-electron,2024-11-15,Costa Rica,409.59
9UU8C78FU19,69868,ET3331,Home,8,34.99,visa-electron,2024-04-16,China,279.92
2WW5XF5TY72,2237,ET8839,Travel,84,15.99,diners-club-enroute,2024-07-19,Thailand,1343.16
6HY7CM3KQ62,39816,KE9801,Food - Frozen Foods,32,4.49,jcb,2024-03-22,China,143.68
6RM9MY9AK55,84019,IB3960,Food - Grains,23,2.59,jcb,2024-06-06,Indonesia,59.57
6AA4G69GK47,14892,WN5339,Clothing - Shirts,59,44.99,jcb,2024-04-01,Canada,2654.41
9AT9EE2UX84,64073,AI5685,Food - Dairy Alternatives,15,4.99,mastercard,2024-04-03,China,74.85
2C49D74YJ02,25865,WN4007,Health,17,39.99,mastercard,2024-07-23,Brazil,679.83
8X68U79KW34,89233,NH8056,Kitchen,97,39.99,switch,2024-10-24,Russia,3879.03
9WP1W82YX89,37966,LA1461,Pets,41,9.99,jcb,2024-06-13,Indonesia,409.59
8V12TR8XD28,61450,AM9301,Automotive,32,14.99,jcb,2024-04-25,China,479.68
7EJ0UJ7KP02,14809,AA4621,Food - Dairy,72,2.69,jcb,2024-12-06,Indonesia,193.68
2G02NN1XP65,64879,SK7444,Food - Meat,31,8.49,maestro,2024-07-01,Indonesia,263.19
2CQ2EN1JV33,31596,AM5743,Food - Fresh Produce,65,2.99,maestro,2024-11-26,Madagascar,194.35
9TF4GT2GY39,12920,SK9921,Home,32,49.99,jcb,2024-01-24,Colombia,1599.68
4UD0VE9GH95,91212,WN9691,Computers,75,39.99,laser,2024-12-29,China,2999.25
8UQ9V85CF11,42446,AI2165,Kitchen,28,89.99,jcb,2024-06-10,Colombia,2519.72
1XN2HD4CW87,70309,AI1565,Electronics,56,34.99,switch,2024-12-26,Chile,1959.44
9TU1EV1UC29,40239,DL5331,Food - Bakery,77,4.49,mastercard,2024-08-15,China,345.73
9JP0PT3NH51,34071,AV3166,Food - Frozen Desserts,34,5.99,jcb,2024-08-18,Poland,203.66
6H46QF2GN59,21236,SK8185,Food - Marinades,11,3.29,visa,2024-05-15,Argentina,36.19
7RX2U83ME53,2157,SK1333,Food - Snacks,45,2.99,jcb,2024-10-06,China,134.55
4R52E83AC70,36967,NZ9626,Food - Produce,88,1.5,mastercard,2024-10-27,China,132.0
4PP3A53TX64,45399,SA2730,Food - Beverages,29,7.99,jcb,2024-05-07,Brazil,231.71
6V72D95VG51,30122,ET1547,Food - Meat,51,12.99,jcb,2024-07-18,Philippines,662.49
1TK7GJ7CW39,20404,AM4031,Toys,53,22.99,jcb,2024-10-16,Yemen,1218.47
3VU1J03PQ18,98182,AC5834,Health,27,49.95,diners-club-enroute,2024-01-23,China,1348.65
5AR4AM7FQ13,61247,AA7154,Food - Grains,29,2.99,bankcard,2024-05-28,China,86.71
5DF8WV1MV24,64043,NH9722,Food - Condiments,63,4.49,jcb,2024-11-04,Indonesia,282.87
5TP2TK0YQ87,90139,SA2730,Food - Confectionery,54,2.79,jcb,2024-02-16,United States,150.66
3A26T89UJ22,64980,NZ6683,Food - Seafood,74,14.99,visa,2024-06-25,Malaysia,1109.26
3T07X57XE17,99506,AA5822,Home,93,24.99,jcb,2024-12-05,Philippines,2324.07
2YC2R74QX31,97151,AI2273,Food - Sauces,32,2.79,americanexpress,2024-04-20,Mexico,89.28
7G94D76UT05,20834,SA9586,Food - Dairy Alternatives,31,1.99,jcb,2024-01-30,China,61.69
7PJ4NV2HT56,58372,NH8979,Food - Produce,86,1.89,laser,2024-08-21,Colombia,162.54
2Q65YG1KY25,8988,AV8059,Food - Frozen Foods,51,4.99,jcb,2024-04-21,Sweden,254.49
3NF6KK0KG53,35215,AV1060,Audio,76,19.99,jcb,2024-11-27,Morocco,1519.24
8KC3WH2FF93,89045,AF4268,Outdoor,79,29.99,switch,2024-04-13,Syria,2369.21
5W46D35FC86,51548,KL6466,Accessories,57,12.99,maestro,2024-07-27,Nigeria,740.43
5UP1WY5MN40,76457,AV9282,Food - Soups,0,4.99,solo,2024-01-17,Philippines,0.0
8EA3TF7YE60,70723,QF6015,Music,50,359.99,jcb,2024-04-09,Indonesia,17999.5
2YR8EG6ME37,23119,CX7663,Home,39,22.99,maestro,2024-09-18,Morocco,896.61
7M06HC9PH21,20293,AZ3017,Food - Dressings,100,3.49,visa,2024-12-21,China,349.0
9DY8YN5GY61,52043,BA5129,Food - Frozen Vegetables,27,4.99,jcb,2024-09-13,Central African Republic,134.73
7XK3QU3NP87,36111,AZ7278,Food - Snacks,73,4.99,mastercard,2024-04-15,Russia,364.27
1V07H81EW44,29351,BA9490,Food,38,79.99,switch,2024-02-13,Mongolia,3039.62
3PT0DQ8QW93,47903,WN3254,Beauty,11,25.0,diners-club-enroute,2024-08-25,Tunisia,275.0
5HM8TJ9XP83,89134,EK1351,Health,38,49.95,americanexpress,2024-06-03,Costa Rica,1898.1
6CA7DJ0HA54,58536,AI2188,Health,48,19.99,maestro,2024-06-20,France,959.52
3KC4V40VN11,70593,AA7485,Food - Condiments,41,3.49,americanexpress,2024-02-13,Poland,143.09
7DF2TV8UF10,44115,QR3795,Garden,60,24.99,bankcard,2024-11-10,Nicaragua,1499.4
7KN6TP8YC91,97439,AZ4265,Fitness,18,39.99,jcb,2024-02-03,Russia,719.82
7FG4UT4DV82,91932,ET3547,Home,81,34.99,jcb,2024-10-28,Albania,2834.19
8WD8Y06CG22,26870,AA7284,Automotive,42,49.99,jcb,2024-12-03,Czech Republic,2099.58
1JK6P68EX08,98644,LA1090,Audio,10,39.99,laser,2024-08-06,China,399.9
9YK7HK4XA24,82920,AF2406,Health,95,79.99,mastercard,2024-10-23,Philippines,7599.05
9WN1TN8GM18,6913,IB4805,Kitchen,54,15.99,switch,2024-01-25,China,863.46
4XA5E60UY10,58293,WN1868,Clothing - Dresses,33,79.99,maestro,2024-08-09,France,2639.67
5CR0JH5MR77,70690,TG5854,Food - Canned Goods,44,3.29,jcb,2024-08-28,Indonesia,144.76
1G46VD8PD96,52414,KL5248,Home Improvement,90,39.99,americanexpress,2024-03-18,Indonesia,3599.1
5NJ6ET0MR28,83559,KL5768,Food - Breakfast,49,4.99,visa,2024-10-28,Russia,244.51
8PJ8VU1VV69,65003,DL5331,Food - Snacks,92,1.39,maestro,2024-01-06,Vietnam,127.88
3EK4FP9CJ51,17386,AM5280,Food - Baking Goods,20,1.79,maestro,2024-04-15,China,35.8
9AJ5DW6TF88,16453,QR3251,Fitness,97,19.99,jcb,2024-03-15,China,1939.03
9GD6W62NK54,8005,NH1353,Food - Condiments,26,4.29,americanexpress,2024-04-11,Indonesia,111.54
1FV1RM5GQ61,34307,CX2721,Food,3,19.99,jcb,2024-01-08,Philippines,59.97
9U15F21QY36,48662,AA6088,Health,94,14.99,jcb,2024-08-26,Luxembourg,1409.06
5M16QQ4JA63,70995,SK1048,Food - Pasta,82,3.49,visa,2024-10-07,Palestinian Territory,286.18
7NJ6PV4FX02,28717,AZ7278,Food - Snacks,94,4.99,china-unionpay,2024-04-16,South Africa,469.06
3H11KD1MH26,16738,CX1532,Kitchen,7,24.99,mastercard,2024-04-01,Colombia,174.93
3N27D82WG90,78956,AZ2754,Accessories,77,23.99,visa,2024-12-16,China,1847.23
8UE7UY2AV92,12260,TG2437,Food - Soups,23,2.99,diners-club-carte-blanche,2024-10-01,China,68.77
8MT5EA5NA23,95065,AI2522,Pets,24,39.99,diners-club-carte-blanche,2024-01-25,Serbia,959.76
7FW4R34UJ03,56233,KE6004,Clothing - Accessories,41,25.99,jcb,2024-08-12,China,1065.59
6D96W48VY22,94794,SA6283,Food - Breakfast,68,3.29,switch,2024-09-27,Indonesia,223.72
8WV8W30FX07,55816,AA7485,Crafts,2,22.99,switch,2024-11-12,China,45.98
9PU5H96EK75,5856,AM8041,Food - Snacks,94,2.29,jcb,2024-05-18,Armenia,215.26
9E03U38RW29,1896,IB2065,Food - Frozen Meals,8,7.49,bankcard,2024-03-11,Indonesia,59.92
1F03UC1PD22,73894,SK3956,Crafts,30,22.99,jcb,2024-06-10,Czech Republic,689.7
7QW0RN8KM80,10532,UA7982,Outdoor,48,19.99,diners-club-carte-blanche,2024-02-06,Finland,959.52
2CP2WE1AC20,8559,QF4565,Kitchen,30,49.99,visa-electron,2024-10-14,Armenia,1499.7
5AP9TJ2RC36,78850,DL4493,Kitchen,19,59.99,maestro,2024-07-06,Tanzania,1139.81
7NP6NH2XE10,71195,DL1459,Office,15,34.99,visa-electron,2024-12-14,Ethiopia,524.85
2JG9MR5YK12,94381,BA2226,Home,27,29.99,jcb,2024-10-06,Thailand,809.73
6DK8QN3UR41,67157,AA8464,Food - Dairy,89,3.99,maestro,2024-05-30,Azerbaijan,355.11
2DD0FG3YR61,30067,SQ3804,Clothing - Activewear,18,34.99,visa-electron,2024-09-30,Poland,629.82
8HA0N27KP82,88873,WN2211,Crafts,39,34.99,jcb,2024-06-17,Canada,1364.61
3VT2G64FV69,38432,UA5308,Fitness,15,29.99,visa,2024-02-23,Philippines,449.85
6GW7FP6DY49,19153,AC8993,Art Supplies,3,19.99,maestro,2024-07-14,Russia,59.97
7HK0J15MR07,32989,ET5346,Office,84,22.99,visa,2024-11-12,China,1931.16
6R22PX6MY77,20949,AA6628,Food - Snacks,31,3.99,jcb,2024-07-19,Ukraine,123.69
5UR3XE8AU42,78936,EK9627,Food - Produce,73,3.49,mastercard,2024-08-20,Greece,254.77
1D19D11YT40,6992,ET4086,Pets,13,39.99,visa-electron,2024-05-21,Slovenia,519.87
8KR4YK2GD22,75174,AZ4289,Food - Snacks,75,2.99,mastercard,2024-02-23,Peru,224.25
6FX5VG4YK05,73851,EK7011,Art Supplies,49,29.99,china-unionpay,2024-05-17,Poland,1469.51
2T43VA2CP93,9106,NH9924,Computers,28,99.99,americanexpress,2024-01-30,Albania,2799.72
9DR3KG1DF75,65655,AZ7649,Photography,97,199.99,switch,2024-09-22,China,19399.03
6CA0C34PG71,80085,AV5985,Home,76,34.99,visa-electron,2024-08-05,France,2659.24
3X90UG8MJ96,70391,KE1526,Home Appliances,29,129.99,diners-club-enroute,2024-01-02,Indonesia,3769.71
8G56G17RC68,23552,AZ6999,Art Supplies,97,29.99,maestro,2024-08-06,Philippines,2909.03
6GE9VG8UE70,94876,NZ3584,Pets,75,69.99,visa-electron,2024-05-18,Belarus,5249.25
3N52U52PN67,73224,IB8460,Electronics,28,15.99,china-unionpay,2024-12-27,Portugal,447.72
3AN2FJ5UW34,90852,BA9625,Food - Beverages,72,1.99,switch,2024-01-13,Indonesia,143.28
5C36TP3JA97,22690,KE9869,Food - Canned Goods,97,2.99,americanexpress,2024-04-29,Slovenia,290.03
8JY9W86KT68,73510,AZ5754,Travel,3,39.99,diners-club-carte-blanche,2024-02-22,Finland,119.97
4JC4H96NV80,27351,AM4411,Food - Soups,47,3.49,jcb,2024-11-15,Azerbaijan,164.03
3UY1N84FH02,75068,NZ7379,Toys,15,10.99,jcb,2024-02-17,Colombia,164.85
7C71T38RH58,11748,CX9570,Food - Canned Goods,31,2.79,jcb,2024-12-11,South Africa,86.49
3U56QD1GC77,14445,AF4156,Home,25,34.99,jcb,2024-10-05,China,874.75
7JG5H98XN54,24443,AF8009,Food - Meat,69,8.99,americanexpress,2024-04-18,Greece,620.31
5Y21FJ4KJ66,94847,EK4555,Kitchen,49,34.99,laser,2024-07-06,China,1714.51
5PK7N04KG27,36462,BA3644,Food - Seafood,10,9.99,switch,2024-02-03,Indonesia,99.9
6YR5QF9GG74,7325,WN7692,Outdoor,48,149.99,laser,2024-12-01,United States,7199.52
8MU4UH7JT28,31310,UA3257,Food - Condiments,89,3.49,jcb,2024-04-14,Colombia,310.61
7PE7QY4FK99,72727,KL9874,Home,96,12.99,visa-electron,2024-06-16,United States,1247.04
4DV2DE7TN36,92959,LH3233,Food - Cooking Oil,59,6.99,jcb,2024-10-09,Brazil,412.41
9QF8RU9KF57,74432,IB5832,Safety,36,12.99,jcb,2024-01-21,Argentina,467.64
8TX8TU7VY42,36828,LH5512,Clothing - Bags,74,89.99,jcb,2024-03-18,Philippines,6659.26
6YH8EE2NY71,27538,NH4003,Food - Sides,25,3.49,mastercard,2024-10-14,Indonesia,87.25
1CY3FF6NJ95,54113,DL8968,Food - Frozen,76,6.49,jcb,2024-01-08,Finland,493.24
3F18Y02DD35,45482,SQ1094,Food - Salads,25,5.29,visa-electron,2024-11-26,Seychelles,132.25
4X63A38HX70,46793,KL4751,Food - Condiments,86,3.29,switch,2024-03-19,Palestinian Territory,282.94
7HA1E65MK08,45320,SQ5766,Clothing - Outerwear,21,99.99,instapayment,2024-08-28,Poland,2099.79
2Q43E72YD23,6932,IB2413,Travel,87,22.99,mastercard,2024-10-25,Russia,2000.13
5RM4WH3MJ89,53280,AM8076,Home,66,79.99,china-unionpay,2024-02-28,China,5279.34
7Y13H75JR52,75222,ET6785,Food - Grains,4,2.99,diners-club-enroute,2024-11-27,China,11.96
5D67NC1FJ60,50989,AI2034,Outdoor,73,59.99,jcb,2024-08-09,Philippines,4379.27
7K41GJ7QT81,59721,AF9326,Home,88,24.99,diners-club-us-ca,2024-04-20,Tunisia,2199.12
1UR9KJ7MU43,50859,SA4783,Food - Baking,57,5.49,diners-club-us-ca,2024-03-15,Russia,312.93
1UE8MW4KH33,53150,SK9304,Health,5,49.95,switch,2024-05-30,China,249.75
6Q55JF4DR89,65066,UA9423,Home,66,29.99,jcb,2024-10-23,Mongolia,1979.34
1J17GJ6FT94,28278,AF2120,Garden,47,49.99,jcb,2024-12-04,Indonesia,2349.53
9XW2ME5VF09,47252,KE7700,Art Supplies,29,29.99,bankcard,2024-11-25,Peru,869.71
6VR7A04RF17,46375,LH6904,Food - Frozen Foods,73,5.99,diners-club-enroute,2024-08-23,Indonesia,437.27
5DK0JF3HU49,83708,SA8722,Food - Prepared Meals,29,5.99,jcb,2024-07-19,Indonesia,173.71
8F86XT8QE56,43600,QR9778,Clothing - Dresses,70,59.99,maestro,2024-08-09,Indonesia,4199.3
4R52W79AQ86,38619,AV3765,Kitchen,69,39.99,diners-club-enroute,2024-08-27,Indonesia,2759.31
1NQ5N00YA81,25294,CX5812,Pets,59,9.99,jcb,2024-01-15,China,589.41
8PF7MW7WR42,57858,DL8386,Food - Sauces,33,3.49,mastercard,2024-07-12,France,115.17
5P95KX9AP82,90578,AI1298,Automotive,69,49.99,jcb,2024-02-29,Russia,3449.31
3KU2YE7WM44,29338,QF2246,Food - Condiments,88,3.99,jcb,2024-01-01,Russia,351.12
4TA3XY1KG63,9208,NZ7026,Food - Dairy Alternatives,46,2.99,switch,2024-01-22,Philippines,137.54
4RG2N75KK36,11974,SQ3534,Food - Dairy,7,3.49,jcb,2024-12-01,Turkmenistan,24.43
7T66TJ5EA95,75691,UA4570,Food - Condiments,78,2.99,maestro,2024-03-29,United States,233.22
7KF2Y04QY37,44698,DL3161,Kitchen,77,49.99,china-unionpay,2024-04-15,Mexico,3849.23
2PJ8D75NX85,19728,NZ6242,Food - Bakery,84,9.99,diners-club-enroute,2024-02-12,Czech Republic,839.16
1P49XY6DJ48,32932,AZ7112,Kitchen,28,22.99,switch,2024-01-17,Republic of the Congo,643.72
2UC7XN0MU14,58858,NH8743,Food - Grocery,61,4.99,jcb,2024-11-11,China,304.39
1VG3MQ0QF66,5600,KE4345,Sports,3,49.99,jcb,2024-06-16,Brazil,149.97
6F44G08EM90,80886,KE4924,Food - Sauces,44,4.29,visa-electron,2024-03-10,Russia,188.76
9F16Q46PH71,9210,AZ8816,Home,58,39.99,mastercard,2024-10-13,Portugal,2319.42
1R55EM6KR66,41346,AZ7443,Food - Sides,15,3.99,jcb,2024-04-10,Pakistan,59.85
3H31D45RJ61,42050,AA7759,Garden,96,15.99,maestro,2024-12-16,China,1535.04
7NA7HF2QT85,7194,LA1017,Food - Vegetables,67,3.79,americanexpress,2024-05-30,Israel,253.93
3CU7K62DW37,55747,LA4664,Food - Produce,20,0.89,maestro,2024-12-21,Indonesia,17.8
9FU3MG7YA83,48238,IB4790,Accessories,37,29.99,jcb,2024-02-28,China,1109.63
4U50XG4FT98,6073,QR8903,Food - Condiments,29,6.99,solo,2024-09-02,China,202.71
7QW5RC7HF06,57377,KL7530,Storage,40,9.99,jcb,2024-10-30,Ukraine,399.6
1U70HV5FW69,55901,QR3487,Outdoor,80,34.99,americanexpress,2024-10-19,Syria,2799.2
7H44E42QC86,49536,AC7018,Clothing - Tops,61,24.99,mastercard,2024-08-18,France,1524.39
7MK9GY1HD41,55309,AA7291,Books,48,14.99,switch,2024-01-08,Philippines,719.52
7QM8RP4QC97,53716,NZ7379,Grooming,94,34.99,americanexpress,2024-05-06,Indonesia,3289.06
2YJ3UF0DD38,21673,AA9066,Footwear,85,89.99,jcb,2024-10-21,Portugal,7649.15
3EC9FJ0EM30,94369,LA2012,Food - Frozen Foods,11,6.99,americanexpress,2024-12-27,Indonesia,76.89
7JM6VR1XQ22,85569,AC6451,Toys,6,29.99,americanexpress,2024-05-23,Indonesia,179.94
1T41GD1NN35,90825,DL6412,Garden,34,15.99,jcb,2024-09-23,France,543.66
5NH1YW4KR93,15628,EK8161,Food - Condiments,35,3.99,jcb,2024-08-18,Russia,139.65
2TX2MP7YP20,75620,EK5821,Health,62,8.99,diners-club-enroute,2024-12-03,Colombia,557.38
5UP5RQ2XM74,98689,LA9817,Food - Snacks,28,5.99,instapayment,2024-12-23,China,167.72
9U91NT2YT35,81637,NZ8723,Food - Produce,23,3.99,diners-club-enroute,2024-11-14,Indonesia,91.77
5KX8TW8RC45,35049,AA6559,Kitchen,83,49.99,americanexpress,2024-06-10,Philippines,4149.17
5X08YN3RG13,96386,CX5062,Bicycles,9,29.99,switch,2024-05-28,Mongolia,269.91
4GU8MX7EH45,22658,KE4188,Clothing - Tops,40,29.99,mastercard,2024-07-31,Indonesia,1199.6
3MN0P30KY70,23198,LA5423,Wearable Tech,42,249.99,visa-electron,2024-04-13,Russia,10499.58
4JM4F08JT66,33392,NZ3507,Kitchen,74,19.99,jcb,2024-10-14,Japan,1479.26
6QV3H48EV39,21000,SA9162,Home,81,34.99,switch,2024-01-20,China,2834.19
2Q82TT8KR23,12027,LH5409,Home,26,19.99,jcb,2024-06-03,Sweden,519.74
3NA8YY4GW58,82613,CX4515,Food - Meat,34,5.49,diners-club-enroute,2024-05-06,Mauritius,186.66
7F03FP1PY69,51936,AC9922,Kitchen,54,22.99,laser,2024-09-25,Ukraine,1241.46
1PM4PM8YT97,59595,SK9763,Food - Snacks,68,2.99,jcb,2024-07-12,Colombia,203.32
2X56AN3KN27,38599,KE3943,Food - Frozen Desserts,53,6.99,jcb,2024-04-26,Russia,370.47
8QH6VX5WX24,65979,SA7375,Health,11,19.99,jcb,2024-11-11,Russia,219.89
4D94NN9KY64,27981,AI4844,Pets,8,9.99,visa-electron,2024-12-07,China,79.92
3WM7X73VN55,73150,CX7274,Food - Snacks,45,2.29,diners-club-carte-blanche,2024-09-03,Brazil,103.05
2NJ6Y22XK30,45465,ET7115,Food - Snacks,36,3.49,switch,2024-09-03,Poland,125.64
9C08CN1EV35,59501,NH5344,Clothing - Activewear,77,34.99,switch,2024-08-09,Bulgaria,2694.23
8V69MC8RT72,40847,LA1659,Automotive,48,14.99,jcb,2024-05-31,Russia,719.52
8QR9N35GJ30,99079,UA2278,Kitchen,68,12.99,jcb,2024-06-27,Ivory Coast,883.32
3CV7YR5HA51,57305,QF2795,Clothing - Shoes,51,69.99,jcb,2024-11-19,Nigeria,3569.49
6X77EJ4XP06,75717,SK6941,Electronics,76,25.99,americanexpress,2024-09-19,Brazil,1975.24
8WA4FD5MY58,41543,LA4220,Books,51,39.99,jcb,2024-03-28,Brazil,2039.49
4YE4EU9RV05,22529,NH6916,Food - Canned Goods,35,3.99,maestro,2024-02-22,Philippines,139.65
5PA9YK5XX14,53714,QR4865,Clothing - Tops,24,24.99,diners-club-carte-blanche,2024-04-17,Sweden,599.76
5HH8CW3WG05,27007,KL6376,Clothing - Footwear,22,49.99,jcb,2024-09-26,Poland,1099.78
4QK5XX7AR03,33775,LH3949,Fitness,29,12.99,mastercard,2024-03-27,Libya,376.71
2W83PC3TP63,88819,KL8568,Fitness,95,12.99,visa,2024-10-06,Zambia,1234.05
4K34QU8CM07,8131,BA7461,Fitness,88,89.99,bankcard,2024-11-17,Indonesia,7919.12
2GG0FT4RH52,91153,UA6353,Food - Oils & Vinegars,62,3.99,jcb,2024-11-29,Peru,247.38
1YA9A11HC74,82774,AI4651,Kitchen,98,29.99,mastercard,2024-01-29,Serbia,2939.02
1D55GP7PV92,40497,BA4260,Kitchen,81,99.99,jcb,2024-11-01,Poland,8099.19
1FH9KF4AR03,93932,AA4031,Kitchen,39,19.99,americanexpress,2024-03-16,Nicaragua,779.61
7Y06NC6KY68,41485,KE2000,Toys,92,29.99,bankcard,2024-07-20,Indonesia,2759.08
4G42PY3GM94,51825,QF2751,Toys,72,27.99,diners-club-carte-blanche,2024-07-08,Portugal,2015.28
8AM7F96CW63,17097,AC7975,Audio,94,119.99,bankcard,2024-10-16,France,11279.06
7E66Y57AC14,64468,EK4642,Home,8,39.99,switch,2024-04-05,China,319.92
1U88PW2MW63,14938,UA8496,Home,39,19.99,mastercard,2024-11-19,China,779.61
6DU6RA9QX17,43014,ET4246,Kitchen,63,11.99,jcb,2024-04-19,Norway,755.37
3UN3C30JW53,27001,EK1409,Health,89,49.99,americanexpress,2024-07-31,China,4449.11
7JG4WM6PH48,34604,CX4540,Accessories,8,24.99,visa,2024-11-15,Philippines,199.92
4P56JN4YF98,97178,IB5792,Food - Condiments,35,3.49,jcb,2024-08-04,Canada,122.15
7TA4PV6DY99,27746,KE5966,Food - Beverages,68,3.79,jcb,2024-10-02,Indonesia,257.72
2JE3UG9JJ81,41457,KL7456,Kitchen,20,39.99,americanexpress,2024-07-15,China,799.8
9DY2EW7AX29,39228,DL2865,Pets,38,8.99,solo,2024-03-22,Russia,341.62
6X79WY6QE04,29633,SQ5198,Kitchen,26,89.99,diners-club-us-ca,2024-11-23,Serbia,2339.74
5AJ4FU2RC24,26105,UA9032,Kitchen,21,34.99,jcb,2024-11-18,Colombia,734.79
2XH6WF0DA99,97594,SA8676,Audio,12,119.99,americanexpress,2024-03-01,China,1439.88
9AP6VR7MR66,39174,AA1730,Accessories,90,29.99,mastercard,2024-09-19,Thailand,2699.1
9Q85P96KE07,10784,DL1459,Food - Breakfast,100,2.89,mastercard,2024-08-29,Albania,289.0
1WH0M55YK84,78935,AM8076,Food - Grains,1,4.49,maestro,2024-06-16,Canada,4.49
5VT9C16AE54,40633,KL6096,Food - Baking,57,6.99,jcb,2024-10-03,Indonesia,398.43
7X90CR0WT66,89586,QF8693,Food - Frozen Foods,20,6.49,bankcard,2024-10-14,Portugal,129.8
8C50QM0CH13,21388,AZ2844,Food - Sauces,57,1.29,jcb,2024-10-13,France,73.53
7XY4K87VD66,12874,AC1283,Food - Bakery,10,3.99,laser,2024-07-03,Thailand,39.9
8KG7KQ1TE97,71456,CX8376,Food - Frozen Foods,45,3.99,maestro,2024-11-14,Pakistan,179.55
9X07HR4JM79,36673,NH4045,Clothing - Activewear,5,39.99,instapayment,2024-01-13,Estonia,199.95
6PY2GY2PY44,31434,UA9725,Clothing,11,49.99,laser,2024-11-22,Belize,549.89
7TF4V71XX03,48479,UA7982,Food - Dairy Alternatives,72,1.99,jcb,2024-03-27,Bulgaria,143.28
6C52VE0JU52,18677,SA2449,Food - Snacks,85,3.49,jcb,2024-01-19,Thailand,296.65
7YK3JC9RQ82,23882,AV3789,Food - Beverages,32,1.99,jcb,2024-11-10,Indonesia,63.68
8XK6VJ2VH02,54131,LA7781,Health,25,20.99,maestro,2024-07-09,Azerbaijan,524.75
9XM5HA2FQ27,65012,AA7813,Accessories,75,49.99,switch,2024-08-02,Philippines,3749.25
4G34HA4NP09,53607,SK9524,Gaming,54,199.99,jcb,2024-11-02,Indonesia,10799.46
3W62CX3WE87,36771,AF1380,Kitchen,82,11.99,jcb,2024-09-08,China,983.18
2UK6V95XH89,29617,KL2935,Food - Breakfast,99,4.79,instapayment,2024-10-01,Armenia,474.21
1GK4CV1KR56,23938,SK7967,Clothing - Tops,76,39.99,diners-club-enroute,2024-09-07,China,3039.24
6N47P46FX06,18902,AM1973,Food - Condiments,41,3.39,switch,2024-09-06,Philippines,138.99
4QG3F49DV78,60328,DL4294,Outdoor,24,24.99,americanexpress,2024-07-06,China,599.76
1W88FJ0VQ13,51199,TG5312,Food - Frozen Foods,77,5.49,mastercard,2024-12-27,China,422.73
9TA6T32HN95,49375,NZ8672,Food - Frozen,75,8.99,jcb,2024-06-18,Honduras,674.25
8R17D21WQ45,54274,AI5189,Beauty,66,39.99,laser,2024-05-01,Indonesia,2639.34
5RH2K83HM23,21652,TG9555,Food - Produce,28,2.99,diners-club-enroute,2024-06-28,China,83.72
1DR4D83YT05,96732,BA7831,Clothing - Dresses,62,79.99,jcb,2024-01-14,Philippines,4959.38
7WK1AD7MK81,66252,KL4500,Food - Condiments,97,3.49,bankcard,2024-08-19,Indonesia,338.53
7N98DE6WX33,22424,QR6450,Food - Vegetables,44,1.29,maestro,2024-08-14,Philippines,56.76
8JD9EC3NH96,67438,NH8723,Clothing - Tops,69,34.99,jcb,2024-07-10,Portugal,2414.31
3E76JW4EX77,50816,TG7432,Kitchen,15,34.99,jcb,2024-07-05,Indonesia,524.85
5XF7WN2ET02,99840,KE9114,Food - Frozen Foods,55,5.99,maestro,2024-10-27,Philippines,329.45
1QE7E41DV66,44112,WN2726,Fitness,37,89.99,bankcard,2024-09-11,Indonesia,3329.63
2QM9D10EM10,78585,BA5814,Food - Frozen,17,2.29,jcb,2024-09-11,Indonesia,38.93
1P09U12YY72,17810,AV3789,Home,17,22.99,visa,2024-10-18,Czech Republic,390.83
7WF1YW4QG43,78322,AV7378,Food - Meat,93,15.99,diners-club-carte-blanche,2024-02-11,Portugal,1487.07
6PT6GR9TM98,32532,KE5668,Food - Breakfast,0,4.49,mastercard,2024-03-18,Czech Republic,0.0
4HV8HD0UD12,78088,KL5034,Automotive,37,12.99,jcb,2024-09-14,Indonesia,480.63
8KQ8Y92VF67,32476,EK5144,Kitchen,51,18.99,visa,2024-05-26,Indonesia,968.49
1EE8M66PM78,85926,DL2537,Wearable Tech,77,249.99,americanexpress,2024-11-21,Indonesia,19249.23
2U68N36GV39,46170,BA4592,Home,9,29.99,jcb,2024-06-08,Argentina,269.91
1YW2PV6HY82,44694,AV2213,Home,61,29.99,jcb,2024-10-24,Indonesia,1829.39
8M70WY3HF39,92387,AF9644,Furniture,55,199.99,diners-club-carte-blanche,2024-03-18,China,10999.45
9HC2N37TW63,45306,AZ2233,Food - Pasta,56,4.99,switch,2024-05-17,Russia,279.44
4F50Y74QT49,39281,TG3165,Food - Produce,3,3.99,jcb,2024-10-19,Canada,11.97
4GF4T91KJ47,7142,QR1765,Food - Grains,98,3.49,bankcard,2024-05-19,France,342.02
4KT6YR6AD63,76820,BA6896,Food - Snacks,67,5.29,jcb,2024-06-13,Canada,354.43
7YM4U62UY63,80027,BA3676,Food - Bakery,8,2.99,americanexpress,2024-06-22,China,23.92
5YE2DC4EY70,55307,SA1241,Outdoor,6,39.99,mastercard,2024-09-14,Philippines,239.94
9WH3XJ2QY35,26791,CX5129,Clothing - Bottoms,85,54.99,diners-club-enroute,2024-06-08,Canada,4674.15
8DW1GV1RD18,43555,AI6793,Kitchen,52,24.99,solo,2024-07-05,Iran,1299.48
5PC4V17MX39,47674,AZ3288,Food - Beverages,47,3.69,jcb,2024-02-15,Philippines,173.43
4KD5U60HG38,59692,NZ9071,Food - Frozen Foods,31,5.99,diners-club-enroute,2024-01-10,Peru,185.69
8XD5Q59CC99,38879,WN9905,Food - Frozen,96,6.99,jcb,2024-08-29,China,671.04
1QG0RX6TJ85,29855,SQ5486,Audio,63,59.99,visa-electron,2024-03-16,Indonesia,3779.37
5A06KY4MT39,66389,NH1887,Outdoor,87,29.99,jcb,2024-02-11,China,2609.13
7GH6YG9UU07,2218,LH3292,Food - Condiments,93,4.29,jcb,2024-11-20,Indonesia,398.97
6RP5QU7GJ35,62895,SQ7992,Clothing - Dresses,92,39.99,jcb,2024-07-15,China,3679.08
2PH7F77YM20,69780,EK3918,Food - Bakery,47,4.19,laser,2024-06-29,Ivory Coast,196.93
7N15NU9VX35,42290,EK6800,Kitchen,41,19.99,diners-club-enroute,2024-03-08,China,819.59
4XN2GY9MC54,66383,SK1280,Food - Breakfast,1,3.99,jcb,2024-10-22,Russia,3.99
8T06CT3PX09,13305,TG4368,Bathroom,94,34.99,bankcard,2024-07-27,Mali,3289.06
5NR4YM0FP08,70015,LA1315,Art Supplies,87,29.99,jcb,2024-04-24,Philippines,2609.13
3EF7T49JQ74,93119,SK5938,Food - Spices,5,1.99,jcb,2024-03-11,Albania,9.95
9KT8E84HH03,73501,AI7886,Kitchen,45,49.99,diners-club-enroute,2024-09-21,China,2249.55
1U20KT6AR82,62148,TG2245,Clothing - Tops,84,49.99,visa,2024-10-18,Ecuador,4199.16
1RN5K85HW75,28918,AM2984,Home,100,14.99,jcb,2024-11-02,Serbia,1499.0
5CQ3R57UU93,49772,IB5135,Food - Snacks,78,2.99,diners-club-carte-blanche,2024-07-26,China,233.22
7K70CY5QF08,72734,CX9679,Food - Canned Goods,41,2.99,instapayment,2024-04-28,China,122.59
2UM9G92HN01,94478,LH6786,Audio,61,59.99,americanexpress,2024-02-19,France,3659.39
3TK4AX4YU67,43771,SA2079,Health,28,39.99,jcb,2024-07-27,Indonesia,1119.72
5U76A30FX32,58931,KL8615,Clothing,52,24.99,jcb,2024-08-13,France,1299.48
9YQ5UV5XW43,87995,CX7308,Kitchen,49,19.99,jcb,2024-12-01,China,979.51
5P27W12MX78,49562,IB4953,Food - Bakery,96,3.49,switch,2024-06-08,Poland,335.04
3JM9CE1CY14,65099,KL2554,Food - Sauces,4,4.99,jcb,2024-09-12,Equatorial Guinea,19.96
2YA3DH8XQ68,18823,NH7202,Clothing - Accessories,59,19.99,visa-electron,2024-09-08,China,1179.41
8DQ3FQ7FP73,34023,AM9071,Toys,36,39.99,laser,2024-01-25,Indonesia,1439.64
5FR9NG8DX39,92650,AV2851,Clothing - Tops,33,34.99,jcb,2024-11-20,China,1154.67
2FC7QC3EE91,88096,LH6429,Food - Beverages,90,1.49,jcb,2024-04-04,China,134.1
7PJ6FR5WF79,28865,AC2870,Clothing - Tops,48,25.99,mastercard,2024-02-18,Brazil,1247.52
4GY8P11DV16,7021,UA4237,Food - Baking,45,2.29,jcb,2024-03-22,China,103.05
9D32D47GF18,65907,AA1753,Food - Seafood,67,3.29,jcb,2024-06-19,Kenya,220.43
6N83EY5MJ19,74271,SK4469,Audio,36,79.99,jcb,2024-04-28,China,2879.64
2UX7VG4RW91,72435,NZ3102,Food - Breakfast,51,2.49,jcb,2024-05-01,France,126.99
4DU3CW1KK71,50775,IB8329,Health,7,34.99,bankcard,2024-01-01,Greece,244.93
3U69CT4CG51,73886,SQ8453,Food - Prepared Foods,26,5.99,diners-club-enroute,2024-11-01,Russia,155.74
9QN2CC0UG21,37245,IB7558,Food - Baking,57,4.29,visa,2024-06-14,China,244.53
3MT8WK8AA97,4039,SK7701,Food - Canned Goods,53,1.29,maestro,2024-08-11,Nepal,68.37
8K32U60PG68,83542,IB7269,Food - Snacks,40,3.99,americanexpress,2024-01-05,Bulgaria,159.6
2XT6GV6YH05,22053,KL4516,Food - Snacks,29,3.99,switch,2024-12-16,Colombia,115.71
8FR6MX8RU35,49422,AZ7419,Food - Snacks,55,5.99,jcb,2024-08-19,China,329.45
9MF4GN6AR89,18966,SQ1154,Food - Condiments,41,3.49,instapayment,2024-03-21,China,143.09
5PV2PW5QC18,34468,KE6940,Food - Meat,6,5.49,bankcard,2024-08-12,Poland,32.94
1UR4AT2JN56,79753,AV9484,Accessories,12,19.99,maestro,2024-09-12,Brazil,239.88
5A40EP9FP27,17798,LA2996,Food - Condiments,81,2.49,mastercard,2024-12-11,Argentina,201.69
2J24UX4YV89,53852,EK1275,Kitchen,80,29.99,jcb,2024-09-04,Colombia,2399.2
8FC3T58FK30,28623,AF1670,Food - Snacks,39,2.49,jcb,2024-06-04,Liechtenstein,97.11
8WU8W05VR90,87265,AI2550,Food - Snacks,51,3.99,maestro,2024-05-13,Russia,203.49
1CK2F65KG26,24361,WN5918,Clothing,85,49.99,jcb,2024-11-08,China,4249.15
1UA7Q22WQ85,70539,EK2269,Food - Frozen Foods,61,7.99,china-unionpay,2024-10-14,Netherlands,487.39
5UN1KW9UD11,88125,UA3257,Food - Vegetarian,62,5.49,americanexpress,2024-05-10,Netherlands,340.38
7QD7YR2RF99,99206,AM5776,Office,65,14.99,visa-electron,2024-03-27,Indonesia,974.35
1F63CJ2FT52,19752,CX6238,Toys,65,19.99,switch,2024-03-05,Indonesia,1299.35
8AF0Y20KH67,5359,AZ2754,Home,81,19.99,jcb,2024-12-01,Poland,1619.19
2ND1HM1NF86,69094,KL8406,Audio,29,24.99,maestro,2024-05-27,Egypt,724.71
1U44RM3AJ30,27892,AI2165,Outdoor,42,39.99,americanexpress,2024-03-20,Pakistan,1679.58
9J39EX9UA72,40234,NH3235,Food - Meat,63,5.49,mastercard,2024-08-12,Ecuador,345.87
2GV2X08MX19,94753,NZ8876,Food - Condiments,82,5.29,jcb,2024-07-28,Portugal,433.78
8HD3K08WX22,35082,ET3948,Food - Beverages,63,1.99,bankcard,2024-02-01,China,125.37
1YP9RR0HE03,93605,SQ2818,Food - Salads,93,5.99,solo,2024-02-23,Saudi Arabia,557.07
2J76H25HA47,34745,SA5534,Outdoor,91,29.99,jcb,2024-02-15,France,2729.09
2N39AF3NN49,49884,AV5379,Food - Grains,64,3.59,jcb,2024-05-01,Philippines,229.76
4PT0JU4TH77,68458,QR6792,Food - Grains,41,2.49,diners-club-enroute,2024-06-15,Dominican Republic,102.09
2QH2C42TN55,58498,UA5950,Food - Snacks,84,4.99,switch,2024-10-17,Indonesia,419.16
6K24PH9XY71,80299,AC7028,Food - Bakery,34,4.49,china-unionpay,2024-05-20,Colombia,152.66
2RN1VR0WU77,66981,ET6785,Art Supplies,2,19.99,americanexpress,2024-01-04,Philippines,39.98
5G80N79KM71,60801,SK4469,Food - Snacks,75,3.49,jcb,2024-11-22,Argentina,261.75
1VE8YK8ET56,57546,AI4480,Outdoor,62,32.99,americanexpress,2024-01-01,Zambia,2045.38
9H91YP4KT93,21006,AM4292,Food - Meat,66,6.99,diners-club-enroute,2024-03-16,Russia,461.34
3F33G78DW38,58126,DL2968,Clothing - Outerwear,68,59.99,maestro,2024-12-17,Ghana,4079.32
3RG1R15VQ25,75563,QF3865,Food - Canned Goods,33,3.99,jcb,2024-03-21,Ukraine,131.67
7DE9CP7YQ74,49805,SA5492,Pets,75,18.99,diners-club-enroute,2024-02-12,Portugal,1424.25
7WU5M18XN28,578,SK6873,Food - Prepared Meals,32,6.49,visa-electron,2024-01-29,China,207.68
3YW3FH7QM75,24121,QR4368,Fitness,78,49.99,jcb,2024-05-29,Indonesia,3899.22
7E04YX2CX73,84608,ET5945,Food - Spreads,47,5.99,visa,2024-10-23,Iran,281.53
3VA0A41HG36,79836,AZ5549,Office,93,9.99,instapayment,2024-01-09,Poland,929.07
6FT5PV7DT82,85829,IB1137,Automotive,90,59.99,instapayment,2024-09-02,Ghana,5399.1
9PM7U59FK67,99085,AM5855,Food - Snacks,24,2.99,jcb,2024-02-13,Malaysia,71.76
5FF8R38CN26,86872,IB9186,Health,46,69.99,jcb,2024-06-07,Indonesia,3219.54
2RK6QW0WQ87,80175,QR2285,Beauty,81,39.99,mastercard,2024-03-26,Thailand,3239.19
4RT3RA0AP93,42338,LH9130,Food - Spices,71,4.99,diners-club-enroute,2024-04-25,Russia,354.29
5NP1YK5MF61,72753,KE3458,Kitchen,5,29.99,mastercard,2024-08-10,Russia,149.95
1F06XR5DF49,23219,BA2633,Food - Produce,12,3.49,maestro,2024-02-26,Philippines,41.88
1JJ0K38YK05,79522,WN8342,Food - Grains,17,4.49,bankcard,2024-03-16,Thailand,76.33
9YX9ER7YQ03,66405,SA3372,Food - Breakfast,85,5.49,china-unionpay,2024-04-16,New Zealand,466.65
6P59U92TC60,93197,AZ7862,Food - Snacks,13,3.29,diners-club-carte-blanche,2024-02-12,Philippines,42.77
8DM9HQ9PK48,30692,NZ3523,Food - Deli Meats,68,5.49,maestro,2024-08-20,Mayotte,373.32
8V20RU2AE77,80864,ET7092,Home,82,59.99,jcb,2024-03-12,China,4919.18
8VK2G78WY58,90936,SA7036,Food - Canned Goods,52,1.69,bankcard,2024-11-24,Russia,87.88
3JF7XK0RG37,39505,LA2895,Home,4,34.99,jcb,2024-04-15,China,139.96
8F98K38QP05,69235,NZ4755,Garden,89,24.99,jcb,2024-04-12,United States,2224.11
5EF9Y85YQ75,66050,AC5785,Food - Snacks,87,3.49,laser,2024-06-14,Azerbaijan,303.63
8UH9AJ5RJ02,62507,AF4678,Pets,94,9.99,maestro,2024-03-31,Uruguay,939.06
9DD6TQ4CF85,33567,AF5854,Food - Condiments,79,4.29,americanexpress,2024-09-17,Philippines,338.91
5YQ7F13QQ43,76730,DL8128,Food - Condiments,29,3.49,jcb,2024-05-27,Burkina Faso,101.21
8P40Q83PR93,49060,BA9490,Beauty,8,54.99,bankcard,2024-03-30,China,439.92
7YE9PU3HM65,97898,NZ1560,Health,87,19.99,jcb,2024-04-13,United States,1739.13
6V07R94CC38,75052,SA2613,Food - Meat,43,6.99,mastercard,2024-12-21,Philippines,300.57
3WT3UK8XD47,93612,CX6909,Accessories,35,12.99,jcb,2024-12-09,China,454.65
